{"metadata":{},"options":{"compact":false,"sourceMaps":true,"ast":true,"babelrc":false,"configFile":false,"parserOpts":{"sourceType":"module","sourceFileName":"/home/ney/meteor/cadastro/packages/random/createRandom.js","plugins":["*","flow","jsx","asyncGenerators","bigInt","classPrivateMethods","classPrivateProperties","classProperties","doExpressions","dynamicImport","exportDefaultFrom","exportExtensions","exportNamespaceFrom","functionBind","functionSent","importMeta","nullishCoalescingOperator","numericSeparator","objectRestSpread","optionalCatchBinding","optionalChaining",["pipelineOperator",{"proposal":"minimal"}],"throwExpressions","objectRestSpread","objectRestSpread","asyncGenerators","classProperties","classPrivateProperties","jsx","nullishCoalescingOperator","nullishCoalescingOperator","optionalChaining","optionalChaining","optionalCatchBinding","optionalCatchBinding","classProperties","classPrivateProperties","classPrivateMethods","classProperties","classPrivateProperties","asyncGenerators","asyncGenerators","objectRestSpread","objectRestSpread"],"allowImportExportEverywhere":true,"allowReturnOutsideFunction":true,"allowUndeclaredExports":true,"strictMode":false},"caller":{"name":"meteor","arch":"os.linux.x86_64"},"sourceFileName":"packages/random/createRandom.js","filename":"/home/ney/meteor/cadastro/packages/random/createRandom.js","cloneInputAst":true,"passPerPreset":false,"envName":"development","cwd":"/home/ney/meteor/cadastro","root":"/home/ney/meteor/cadastro","plugins":[{"key":"base$0","visitor":{"_exploded":true,"_verified":true},"options":{}},{"key":"base$0$0","visitor":{"Program":{"enter":[null],"exit":[null]},"_exploded":true,"_verified":true},"options":{"avoidModernSyntax":false,"enforceStrictMode":false,"dynamicImport":true,"generateLetDeclarations":true}},{"key":"transform-runtime","visitor":{"CallExpression":{"enter":[null]},"BinaryExpression":{"enter":[null]},"MemberExpression":{"enter":[null],"exit":[null]},"_exploded":true,"_verified":true,"Identifier":{"enter":[null]},"JSXIdentifier":{"enter":[null]}},"options":{"version":"7.12.5","helpers":true,"useESModules":false,"corejs":false}},{"key":"syntax-object-rest-spread","visitor":{"_exploded":true,"_verified":true},"options":{}},{"key":"proposal-object-rest-spread","visitor":{"_exploded":{},"_verified":{},"VariableDeclarator":{"enter":[null]},"ExportNamedDeclaration":{"enter":[null]},"CatchClause":{"enter":[null]},"AssignmentExpression":{"enter":[null]},"ArrayPattern":{"enter":[null]},"ObjectExpression":{"enter":[null]},"FunctionDeclaration":{"enter":[null]},"FunctionExpression":{"enter":[null]},"ObjectMethod":{"enter":[null]},"ArrowFunctionExpression":{"enter":[null]},"ClassMethod":{"enter":[null]},"ClassPrivateMethod":{"enter":[null]},"ForInStatement":{"enter":[null]},"ForOfStatement":{"enter":[null]}},"options":{}},{"key":"transform-meteor-async-await","visitor":{"AwaitExpression":{"enter":[null]},"_exploded":true,"_verified":true,"FunctionDeclaration":{"exit":[null]},"FunctionExpression":{"exit":[null]},"ObjectMethod":{"exit":[null]},"ArrowFunctionExpression":{"exit":[null]},"ClassMethod":{"exit":[null]},"ClassPrivateMethod":{"exit":[null]}},"options":{"useNativeAsyncAwait":false}},{"key":"proposal-async-generator-functions","visitor":{"_exploded":{},"_verified":{},"Program":{"enter":[null]}},"options":{}},{"key":"proposal-class-properties","visitor":{"PrivateName":{"enter":[null]},"ExportDefaultDeclaration":{"enter":[null]},"_exploded":true,"_verified":true,"ClassExpression":{"enter":[null]},"ClassDeclaration":{"enter":[null]}},"options":{"loose":true}},{"key":"transform-react-jsx","visitor":{"_exploded":{},"_verified":{},"JSXNamespacedName":{"enter":[null]},"JSXSpreadChild":{"enter":[null]},"Program":{"enter":[null]},"JSXElement":{"exit":[null]},"JSXFragment":{"exit":[null]},"JSXAttribute":{"enter":[null]}},"options":{"pragma":"React.createElement","pragmaFrag":"React.Fragment","runtime":"classic","throwIfNamespace":true,"useBuiltIns":false}},{"key":"transform-react-display-name","visitor":{"ExportDefaultDeclaration":{"enter":[null]},"CallExpression":{"enter":[null]},"_exploded":true,"_verified":true},"options":{}},{"key":"transform-react-pure-annotations","visitor":{"CallExpression":{"enter":[null]},"_exploded":true,"_verified":true},"options":{}},{"key":"syntax-nullish-coalescing-operator","visitor":{"_exploded":true,"_verified":true},"options":{}},{"key":"proposal-nullish-coalescing-operator","visitor":{"_exploded":{},"_verified":{},"LogicalExpression":{"enter":[null]}},"options":{}},{"key":"syntax-optional-chaining","visitor":{"_exploded":true,"_verified":true},"options":{}},{"key":"proposal-optional-chaining","visitor":{"_exploded":{},"_verified":{},"OptionalCallExpression":{"enter":[null]},"OptionalMemberExpression":{"enter":[null]}},"options":{}},{"key":"syntax-optional-catch-binding","visitor":{"_exploded":true,"_verified":true},"options":{}},{"key":"proposal-optional-catch-binding","visitor":{"_exploded":{},"_verified":{},"CatchClause":{"enter":[null]}},"options":{}},{"key":"syntax-class-properties","visitor":{"_exploded":true,"_verified":true},"options":{}},{"key":"proposal-class-properties","visitor":{"PrivateName":{"enter":[null]},"ExportDefaultDeclaration":{"enter":[null]},"_exploded":true,"_verified":true,"ClassExpression":{"enter":[null]},"ClassDeclaration":{"enter":[null]}},"options":{}},{"key":"syntax-async-generators","visitor":{"_exploded":true,"_verified":true},"options":{}},{"key":"proposal-async-generator-functions","visitor":{"_exploded":{},"_verified":{},"Program":{"enter":[null]}},"options":{}},{"key":"syntax-object-rest-spread","visitor":{"_exploded":true,"_verified":true},"options":{}},{"key":"proposal-object-rest-spread","visitor":{"_exploded":{},"_verified":{},"VariableDeclarator":{"enter":[null]},"ExportNamedDeclaration":{"enter":[null]},"CatchClause":{"enter":[null]},"AssignmentExpression":{"enter":[null]},"ArrayPattern":{"enter":[null]},"ObjectExpression":{"enter":[null]},"FunctionDeclaration":{"enter":[null]},"FunctionExpression":{"enter":[null]},"ObjectMethod":{"enter":[null]},"ArrowFunctionExpression":{"enter":[null]},"ClassMethod":{"enter":[null]},"ClassPrivateMethod":{"enter":[null]},"ForInStatement":{"enter":[null]},"ForOfStatement":{"enter":[null]}},"options":{}},{"key":"transform-literals","visitor":{"NumericLiteral":{"enter":[null]},"StringLiteral":{"enter":[null]},"_exploded":true,"_verified":true},"options":{}},{"key":"transform-template-literals","visitor":{"TaggedTemplateExpression":{"enter":[null]},"TemplateLiteral":{"enter":[null]},"_exploded":true,"_verified":true},"options":{}},{"key":"transform-parameters","visitor":{"_exploded":true,"_verified":true,"FunctionDeclaration":{"enter":[null]},"FunctionExpression":{"enter":[null]},"ObjectMethod":{"enter":[null]},"ArrowFunctionExpression":{"enter":[null]},"ClassMethod":{"enter":[null]},"ClassPrivateMethod":{"enter":[null]}},"options":{}},{"key":"transform-exponentiation-operator","visitor":{"AssignmentExpression":{"enter":[null]},"BinaryExpression":{"enter":[null]},"_exploded":true,"_verified":true},"options":{}}],"presets":[],"generatorOpts":{"filename":"/home/ney/meteor/cadastro/packages/random/createRandom.js","comments":true,"compact":false,"sourceMaps":true,"sourceFileName":"packages/random/createRandom.js"}},"code":"module.export({\n  default: () => createRandom\n});\nlet AleaRandomGenerator;\nmodule.link(\"./AleaRandomGenerator\", {\n  default(v) {\n    AleaRandomGenerator = v;\n  }\n\n}, 0);\nlet createAleaGeneratorWithGeneratedSeed;\nmodule.link(\"./createAleaGenerator\", {\n  default(v) {\n    createAleaGeneratorWithGeneratedSeed = v;\n  }\n\n}, 1);\n\nfunction createRandom(generator) {\n  // Create a non-cryptographically secure PRNG with a given seed (using\n  // the Alea algorithm)\n  generator.createWithSeeds = function () {\n    for (var _len = arguments.length, seeds = new Array(_len), _key = 0; _key < _len; _key++) {\n      seeds[_key] = arguments[_key];\n    }\n\n    if (seeds.length === 0) {\n      throw new Error('No seeds were provided');\n    }\n\n    return new AleaRandomGenerator({\n      seeds\n    });\n  }; // Used like `Random`, but much faster and not cryptographically\n  // secure\n\n\n  generator.insecure = createAleaGeneratorWithGeneratedSeed();\n  return generator;\n}","map":{"version":3,"sources":["packages/random/createRandom.js"],"names":["module","export","default","createRandom","AleaRandomGenerator","link","v","createAleaGeneratorWithGeneratedSeed","generator","createWithSeeds","seeds","length","Error","insecure"],"mappings":"AAAAA,MAAM,CAACC,MAAP,CAAc;AAACC,EAAAA,OAAO,EAAC,MAAIC;AAAb,CAAd;AAA0C,IAAIC,mBAAJ;AAAwBJ,MAAM,CAACK,IAAP,CAAY,uBAAZ,EAAoC;AAACH,EAAAA,OAAO,CAACI,CAAD,EAAG;AAACF,IAAAA,mBAAmB,GAACE,CAApB;AAAsB;;AAAlC,CAApC,EAAwE,CAAxE;AAA2E,IAAIC,oCAAJ;AAAyCP,MAAM,CAACK,IAAP,CAAY,uBAAZ,EAAoC;AAACH,EAAAA,OAAO,CAACI,CAAD,EAAG;AAACC,IAAAA,oCAAoC,GAACD,CAArC;AAAuC;;AAAnD,CAApC,EAAyF,CAAzF;;AAGvK,SAASH,YAAT,CAAsBK,SAAtB,EAAiC;AAC9C;AACA;AACAA,EAAAA,SAAS,CAACC,eAAV,GAA4B,YAAc;AAAA,sCAAVC,KAAU;AAAVA,MAAAA,KAAU;AAAA;;AACxC,QAAIA,KAAK,CAACC,MAAN,KAAiB,CAArB,EAAwB;AACtB,YAAM,IAAIC,KAAJ,CAAU,wBAAV,CAAN;AACD;;AACD,WAAO,IAAIR,mBAAJ,CAAwB;AAAEM,MAAAA;AAAF,KAAxB,CAAP;AACD,GALD,CAH8C,CAU9C;AACA;;;AACAF,EAAAA,SAAS,CAACK,QAAV,GAAqBN,oCAAoC,EAAzD;AAEA,SAAOC,SAAP;AACD","sourcesContent":["import AleaRandomGenerator from './AleaRandomGenerator'\nimport createAleaGeneratorWithGeneratedSeed from './createAleaGenerator';\n\nexport default function createRandom(generator) {\n  // Create a non-cryptographically secure PRNG with a given seed (using\n  // the Alea algorithm)\n  generator.createWithSeeds = (...seeds) => {\n    if (seeds.length === 0) {\n      throw new Error('No seeds were provided');\n    }\n    return new AleaRandomGenerator({ seeds });\n  };\n\n  // Used like `Random`, but much faster and not cryptographically\n  // secure\n  generator.insecure = createAleaGeneratorWithGeneratedSeed();\n\n  return generator;\n}\n"]},"sourceType":"module","hash":"077eb83da4dcad85e17215672c839f9d4c0be38a"}
