{"metadata":{},"options":{"compact":false,"sourceMaps":true,"ast":true,"babelrc":false,"configFile":false,"parserOpts":{"sourceType":"module","sourceFileName":"/home/ney/meteor/cadastro/packages/mongo/local_collection_driver.js","plugins":["*","flow","jsx","asyncGenerators","bigInt","classPrivateMethods","classPrivateProperties","classProperties","doExpressions","dynamicImport","exportDefaultFrom","exportExtensions","exportNamespaceFrom","functionBind","functionSent","importMeta","nullishCoalescingOperator","numericSeparator","objectRestSpread","optionalCatchBinding","optionalChaining",["pipelineOperator",{"proposal":"minimal"}],"throwExpressions","objectRestSpread","objectRestSpread","asyncGenerators","classProperties","classPrivateProperties","jsx","nullishCoalescingOperator","nullishCoalescingOperator","optionalChaining","optionalChaining","optionalCatchBinding","optionalCatchBinding","classProperties","classPrivateProperties","classPrivateMethods","classProperties","classPrivateProperties","asyncGenerators","asyncGenerators","objectRestSpread","objectRestSpread"],"allowImportExportEverywhere":true,"allowReturnOutsideFunction":true,"allowUndeclaredExports":true,"strictMode":false},"caller":{"name":"meteor","arch":"os.linux.x86_64"},"sourceFileName":"packages/mongo/local_collection_driver.js","filename":"/home/ney/meteor/cadastro/packages/mongo/local_collection_driver.js","cloneInputAst":true,"passPerPreset":false,"envName":"development","cwd":"/home/ney/meteor/cadastro","root":"/home/ney/meteor/cadastro","plugins":[{"key":"base$0","visitor":{"_exploded":true,"_verified":true},"options":{}},{"key":"base$0$0","visitor":{"Program":{"enter":[null],"exit":[null]},"_exploded":true,"_verified":true},"options":{"avoidModernSyntax":false,"enforceStrictMode":false,"dynamicImport":true,"generateLetDeclarations":true}},{"key":"transform-runtime","visitor":{"CallExpression":{"enter":[null]},"BinaryExpression":{"enter":[null]},"MemberExpression":{"enter":[null],"exit":[null]},"_exploded":true,"_verified":true,"Identifier":{"enter":[null]},"JSXIdentifier":{"enter":[null]}},"options":{"version":"7.12.5","helpers":true,"useESModules":false,"corejs":false}},{"key":"syntax-object-rest-spread","visitor":{"_exploded":true,"_verified":true},"options":{}},{"key":"proposal-object-rest-spread","visitor":{"_exploded":{},"_verified":{},"VariableDeclarator":{"enter":[null]},"ExportNamedDeclaration":{"enter":[null]},"CatchClause":{"enter":[null]},"AssignmentExpression":{"enter":[null]},"ArrayPattern":{"enter":[null]},"ObjectExpression":{"enter":[null]},"FunctionDeclaration":{"enter":[null]},"FunctionExpression":{"enter":[null]},"ObjectMethod":{"enter":[null]},"ArrowFunctionExpression":{"enter":[null]},"ClassMethod":{"enter":[null]},"ClassPrivateMethod":{"enter":[null]},"ForInStatement":{"enter":[null]},"ForOfStatement":{"enter":[null]}},"options":{}},{"key":"transform-meteor-async-await","visitor":{"AwaitExpression":{"enter":[null]},"_exploded":true,"_verified":true,"FunctionDeclaration":{"exit":[null]},"FunctionExpression":{"exit":[null]},"ObjectMethod":{"exit":[null]},"ArrowFunctionExpression":{"exit":[null]},"ClassMethod":{"exit":[null]},"ClassPrivateMethod":{"exit":[null]}},"options":{"useNativeAsyncAwait":false}},{"key":"proposal-async-generator-functions","visitor":{"_exploded":{},"_verified":{},"Program":{"enter":[null]}},"options":{}},{"key":"proposal-class-properties","visitor":{"PrivateName":{"enter":[null]},"ExportDefaultDeclaration":{"enter":[null]},"_exploded":true,"_verified":true,"ClassExpression":{"enter":[null]},"ClassDeclaration":{"enter":[null]}},"options":{"loose":true}},{"key":"transform-react-jsx","visitor":{"_exploded":{},"_verified":{},"JSXNamespacedName":{"enter":[null]},"JSXSpreadChild":{"enter":[null]},"Program":{"enter":[null]},"JSXElement":{"exit":[null]},"JSXFragment":{"exit":[null]},"JSXAttribute":{"enter":[null]}},"options":{"pragma":"React.createElement","pragmaFrag":"React.Fragment","runtime":"classic","throwIfNamespace":true,"useBuiltIns":false}},{"key":"transform-react-display-name","visitor":{"ExportDefaultDeclaration":{"enter":[null]},"CallExpression":{"enter":[null]},"_exploded":true,"_verified":true},"options":{}},{"key":"transform-react-pure-annotations","visitor":{"CallExpression":{"enter":[null]},"_exploded":true,"_verified":true},"options":{}},{"key":"syntax-nullish-coalescing-operator","visitor":{"_exploded":true,"_verified":true},"options":{}},{"key":"proposal-nullish-coalescing-operator","visitor":{"_exploded":{},"_verified":{},"LogicalExpression":{"enter":[null]}},"options":{}},{"key":"syntax-optional-chaining","visitor":{"_exploded":true,"_verified":true},"options":{}},{"key":"proposal-optional-chaining","visitor":{"_exploded":{},"_verified":{},"OptionalCallExpression":{"enter":[null]},"OptionalMemberExpression":{"enter":[null]}},"options":{}},{"key":"syntax-optional-catch-binding","visitor":{"_exploded":true,"_verified":true},"options":{}},{"key":"proposal-optional-catch-binding","visitor":{"_exploded":{},"_verified":{},"CatchClause":{"enter":[null]}},"options":{}},{"key":"syntax-class-properties","visitor":{"_exploded":true,"_verified":true},"options":{}},{"key":"proposal-class-properties","visitor":{"PrivateName":{"enter":[null]},"ExportDefaultDeclaration":{"enter":[null]},"_exploded":true,"_verified":true,"ClassExpression":{"enter":[null]},"ClassDeclaration":{"enter":[null]}},"options":{}},{"key":"syntax-async-generators","visitor":{"_exploded":true,"_verified":true},"options":{}},{"key":"proposal-async-generator-functions","visitor":{"_exploded":{},"_verified":{},"Program":{"enter":[null]}},"options":{}},{"key":"syntax-object-rest-spread","visitor":{"_exploded":true,"_verified":true},"options":{}},{"key":"proposal-object-rest-spread","visitor":{"_exploded":{},"_verified":{},"VariableDeclarator":{"enter":[null]},"ExportNamedDeclaration":{"enter":[null]},"CatchClause":{"enter":[null]},"AssignmentExpression":{"enter":[null]},"ArrayPattern":{"enter":[null]},"ObjectExpression":{"enter":[null]},"FunctionDeclaration":{"enter":[null]},"FunctionExpression":{"enter":[null]},"ObjectMethod":{"enter":[null]},"ArrowFunctionExpression":{"enter":[null]},"ClassMethod":{"enter":[null]},"ClassPrivateMethod":{"enter":[null]},"ForInStatement":{"enter":[null]},"ForOfStatement":{"enter":[null]}},"options":{}},{"key":"transform-literals","visitor":{"NumericLiteral":{"enter":[null]},"StringLiteral":{"enter":[null]},"_exploded":true,"_verified":true},"options":{}},{"key":"transform-template-literals","visitor":{"TaggedTemplateExpression":{"enter":[null]},"TemplateLiteral":{"enter":[null]},"_exploded":true,"_verified":true},"options":{}},{"key":"transform-parameters","visitor":{"_exploded":true,"_verified":true,"FunctionDeclaration":{"enter":[null]},"FunctionExpression":{"enter":[null]},"ObjectMethod":{"enter":[null]},"ArrowFunctionExpression":{"enter":[null]},"ClassMethod":{"enter":[null]},"ClassPrivateMethod":{"enter":[null]}},"options":{}},{"key":"transform-exponentiation-operator","visitor":{"AssignmentExpression":{"enter":[null]},"BinaryExpression":{"enter":[null]},"_exploded":true,"_verified":true},"options":{}}],"presets":[],"generatorOpts":{"filename":"/home/ney/meteor/cadastro/packages/mongo/local_collection_driver.js","comments":true,"compact":false,"sourceMaps":true,"sourceFileName":"packages/mongo/local_collection_driver.js"}},"code":"module.export({\n  LocalCollectionDriver: () => LocalCollectionDriver\n});\nconst LocalCollectionDriver = new class LocalCollectionDriver {\n  constructor() {\n    this.noConnCollections = Object.create(null);\n  }\n\n  open(name, conn) {\n    if (!name) {\n      return new LocalCollection();\n    }\n\n    if (!conn) {\n      return ensureCollection(name, this.noConnCollections);\n    }\n\n    if (!conn._mongo_livedata_collections) {\n      conn._mongo_livedata_collections = Object.create(null);\n    } // XXX is there a way to keep track of a connection's collections without\n    // dangling it off the connection object?\n\n\n    return ensureCollection(name, conn._mongo_livedata_collections);\n  }\n\n}();\n\nfunction ensureCollection(name, collections) {\n  return name in collections ? collections[name] : collections[name] = new LocalCollection(name);\n}","map":{"version":3,"sources":["packages/mongo/local_collection_driver.js"],"names":["module","export","LocalCollectionDriver","constructor","noConnCollections","Object","create","open","name","conn","LocalCollection","ensureCollection","_mongo_livedata_collections","collections"],"mappings":"AAAAA,MAAM,CAACC,MAAP,CAAc;AAACC,EAAAA,qBAAqB,EAAC,MAAIA;AAA3B,CAAd;AACO,MAAMA,qBAAqB,GAAG,IAAK,MAAMA,qBAAN,CAA4B;AACpEC,EAAAA,WAAW,GAAG;AACZ,SAAKC,iBAAL,GAAyBC,MAAM,CAACC,MAAP,CAAc,IAAd,CAAzB;AACD;;AAEDC,EAAAA,IAAI,CAACC,IAAD,EAAOC,IAAP,EAAa;AACf,QAAI,CAAED,IAAN,EAAY;AACV,aAAO,IAAIE,eAAJ,EAAP;AACD;;AAED,QAAI,CAAED,IAAN,EAAY;AACV,aAAOE,gBAAgB,CAACH,IAAD,EAAO,KAAKJ,iBAAZ,CAAvB;AACD;;AAED,QAAI,CAAEK,IAAI,CAACG,2BAAX,EAAwC;AACtCH,MAAAA,IAAI,CAACG,2BAAL,GAAmCP,MAAM,CAACC,MAAP,CAAc,IAAd,CAAnC;AACD,KAXc,CAaf;AACA;;;AACA,WAAOK,gBAAgB,CAACH,IAAD,EAAOC,IAAI,CAACG,2BAAZ,CAAvB;AACD;;AArBmE,CAAjC,EAA9B;;AAwBP,SAASD,gBAAT,CAA0BH,IAA1B,EAAgCK,WAAhC,EAA6C;AAC3C,SAAQL,IAAI,IAAIK,WAAT,GACHA,WAAW,CAACL,IAAD,CADR,GAEHK,WAAW,CAACL,IAAD,CAAX,GAAoB,IAAIE,eAAJ,CAAoBF,IAApB,CAFxB;AAGD","sourcesContent":["// singleton\nexport const LocalCollectionDriver = new (class LocalCollectionDriver {\n  constructor() {\n    this.noConnCollections = Object.create(null);\n  }\n\n  open(name, conn) {\n    if (! name) {\n      return new LocalCollection;\n    }\n\n    if (! conn) {\n      return ensureCollection(name, this.noConnCollections);\n    }\n\n    if (! conn._mongo_livedata_collections) {\n      conn._mongo_livedata_collections = Object.create(null);\n    }\n\n    // XXX is there a way to keep track of a connection's collections without\n    // dangling it off the connection object?\n    return ensureCollection(name, conn._mongo_livedata_collections);\n  }\n});\n\nfunction ensureCollection(name, collections) {\n  return (name in collections)\n    ? collections[name]\n    : collections[name] = new LocalCollection(name);\n}\n"]},"sourceType":"module","hash":"107f575fe969ac6d30ba883dd5fb61865f2e1921"}
