{"metadata":{},"options":{"compact":false,"sourceMaps":true,"ast":true,"babelrc":false,"configFile":false,"parserOpts":{"sourceType":"module","sourceFileName":"/home/ney/meteor/cadastro/packages/callback-hook/hook.js","plugins":["*","flow","jsx","asyncGenerators","bigInt","classPrivateMethods","classPrivateProperties","classProperties","doExpressions","dynamicImport","exportDefaultFrom","exportExtensions","exportNamespaceFrom","functionBind","functionSent","importMeta","nullishCoalescingOperator","numericSeparator","objectRestSpread","optionalCatchBinding","optionalChaining",["pipelineOperator",{"proposal":"minimal"}],"throwExpressions","classProperties","classPrivateProperties","jsx","nullishCoalescingOperator","nullishCoalescingOperator","optionalChaining","optionalChaining","optionalCatchBinding","optionalCatchBinding","classProperties","classPrivateProperties","classPrivateMethods","classProperties","classPrivateProperties","asyncGenerators","asyncGenerators","objectRestSpread","objectRestSpread"],"allowImportExportEverywhere":true,"allowReturnOutsideFunction":true,"allowUndeclaredExports":true,"strictMode":false},"caller":{"name":"meteor","arch":"web.browser.legacy"},"sourceFileName":"packages/callback-hook/hook.js","filename":"/home/ney/meteor/cadastro/packages/callback-hook/hook.js","cloneInputAst":true,"passPerPreset":false,"envName":"development","cwd":"/home/ney/meteor/cadastro","root":"/home/ney/meteor/cadastro","plugins":[{"key":"base$0","visitor":{"_exploded":true,"_verified":true},"options":{}},{"key":"base$0$0","visitor":{"Program":{"enter":[null],"exit":[null]},"_exploded":true,"_verified":true},"options":{"avoidModernSyntax":true,"enforceStrictMode":false,"dynamicImport":true}},{"key":"transform-runtime","visitor":{"CallExpression":{"enter":[null]},"BinaryExpression":{"enter":[null]},"MemberExpression":{"enter":[null],"exit":[null]},"_exploded":true,"_verified":true,"Identifier":{"enter":[null]},"JSXIdentifier":{"enter":[null]}},"options":{"version":"7.12.5","helpers":true,"useESModules":false,"corejs":false}},{"key":"proposal-class-properties","visitor":{"PrivateName":{"enter":[null]},"ExportDefaultDeclaration":{"enter":[null]},"_exploded":true,"_verified":true,"ClassExpression":{"enter":[null]},"ClassDeclaration":{"enter":[null]}},"options":{"loose":true}},{"key":"base$0$3","visitor":{"FunctionExpression":{"exit":[null]},"_exploded":true,"_verified":true},"options":{}},{"key":"base$0$4","visitor":{"ForInStatement":{"enter":[null]},"_exploded":true,"_verified":true},"options":{}},{"key":"transform-react-jsx","visitor":{"_exploded":{},"_verified":{},"JSXNamespacedName":{"enter":[null]},"JSXSpreadChild":{"enter":[null]},"Program":{"enter":[null]},"JSXElement":{"exit":[null]},"JSXFragment":{"exit":[null]},"JSXAttribute":{"enter":[null]}},"options":{"pragma":"React.createElement","pragmaFrag":"React.Fragment","runtime":"classic","throwIfNamespace":true,"useBuiltIns":false}},{"key":"transform-react-display-name","visitor":{"ExportDefaultDeclaration":{"enter":[null]},"CallExpression":{"enter":[null]},"_exploded":true,"_verified":true},"options":{}},{"key":"transform-react-pure-annotations","visitor":{"CallExpression":{"enter":[null]},"_exploded":true,"_verified":true},"options":{}},{"key":"syntax-nullish-coalescing-operator","visitor":{"_exploded":true,"_verified":true},"options":{}},{"key":"proposal-nullish-coalescing-operator","visitor":{"_exploded":{},"_verified":{},"LogicalExpression":{"enter":[null]}},"options":{}},{"key":"syntax-optional-chaining","visitor":{"_exploded":true,"_verified":true},"options":{}},{"key":"proposal-optional-chaining","visitor":{"_exploded":{},"_verified":{},"OptionalCallExpression":{"enter":[null]},"OptionalMemberExpression":{"enter":[null]}},"options":{}},{"key":"syntax-optional-catch-binding","visitor":{"_exploded":true,"_verified":true},"options":{}},{"key":"proposal-optional-catch-binding","visitor":{"_exploded":{},"_verified":{},"CatchClause":{"enter":[null]}},"options":{}},{"key":"syntax-class-properties","visitor":{"_exploded":true,"_verified":true},"options":{}},{"key":"proposal-class-properties","visitor":{"PrivateName":{"enter":[null]},"ExportDefaultDeclaration":{"enter":[null]},"_exploded":true,"_verified":true,"ClassExpression":{"enter":[null]},"ClassDeclaration":{"enter":[null]}},"options":{}},{"key":"syntax-async-generators","visitor":{"_exploded":true,"_verified":true},"options":{}},{"key":"proposal-async-generator-functions","visitor":{"_exploded":{},"_verified":{},"Program":{"enter":[null]}},"options":{}},{"key":"syntax-object-rest-spread","visitor":{"_exploded":true,"_verified":true},"options":{}},{"key":"proposal-object-rest-spread","visitor":{"_exploded":{},"_verified":{},"VariableDeclarator":{"enter":[null]},"ExportNamedDeclaration":{"enter":[null]},"CatchClause":{"enter":[null]},"AssignmentExpression":{"enter":[null]},"ArrayPattern":{"enter":[null]},"ObjectExpression":{"enter":[null]},"FunctionDeclaration":{"enter":[null]},"FunctionExpression":{"enter":[null]},"ObjectMethod":{"enter":[null]},"ArrowFunctionExpression":{"enter":[null]},"ClassMethod":{"enter":[null]},"ClassPrivateMethod":{"enter":[null]},"ForInStatement":{"enter":[null]},"ForOfStatement":{"enter":[null]}},"options":{}},{"key":"transform-arrow-functions","visitor":{"ArrowFunctionExpression":{"enter":[null]},"_exploded":true,"_verified":true},"options":{}},{"key":"transform-block-scoped-functions","visitor":{"BlockStatement":{"enter":[null]},"SwitchCase":{"enter":[null]},"_exploded":true,"_verified":true},"options":{}},{"key":"transform-block-scoping","visitor":{"VariableDeclaration":{"enter":[null]},"CatchClause":{"enter":[null]},"_exploded":true,"BlockStatement":{"enter":[null]},"SwitchStatement":{"enter":[null]},"Program":{"enter":[null]},"_verified":true,"DoWhileStatement":{"enter":[null]},"ForInStatement":{"enter":[null]},"ForStatement":{"enter":[null]},"WhileStatement":{"enter":[null]},"ForOfStatement":{"enter":[null]}},"options":{}},{"key":"transform-classes","visitor":{"ExportDefaultDeclaration":{"enter":[null]},"ClassDeclaration":{"enter":[null]},"ClassExpression":{"enter":[null]},"_exploded":true,"_verified":true},"options":{"loose":true}},{"key":"transform-computed-properties","visitor":{"ObjectExpression":{"exit":[null]},"_exploded":true,"_verified":true},"options":{"loose":true}},{"key":"transform-destructuring","visitor":{"ExportNamedDeclaration":{"enter":[null]},"CatchClause":{"enter":[null]},"AssignmentExpression":{"enter":[null]},"VariableDeclaration":{"enter":[null]},"_exploded":true,"_verified":true,"ForInStatement":{"enter":[null]},"ForOfStatement":{"enter":[null]}},"options":{}},{"key":"transform-for-of","visitor":{"ForOfStatement":{"enter":[null]},"_exploded":true,"_verified":true},"options":{"loose":true}},{"key":"transform-literals","visitor":{"NumericLiteral":{"enter":[null]},"StringLiteral":{"enter":[null]},"_exploded":true,"_verified":true},"options":{}},{"key":"transform-object-super","visitor":{"ObjectExpression":{"enter":[null]},"_exploded":true,"_verified":true},"options":{}},{"key":"transform-parameters","visitor":{"_exploded":true,"_verified":true,"FunctionDeclaration":{"enter":[null]},"FunctionExpression":{"enter":[null]},"ObjectMethod":{"enter":[null]},"ArrowFunctionExpression":{"enter":[null]},"ClassMethod":{"enter":[null]},"ClassPrivateMethod":{"enter":[null]}},"options":{}},{"key":"transform-shorthand-properties","visitor":{"ObjectMethod":{"enter":[null]},"ObjectProperty":{"enter":[null]},"_exploded":true,"_verified":true},"options":{}},{"key":"transform-spread","visitor":{"ArrayExpression":{"enter":[null]},"CallExpression":{"enter":[null]},"NewExpression":{"enter":[null]},"_exploded":true,"_verified":true},"options":{}},{"key":"transform-sticky-regex","visitor":{"RegExpLiteral":{"enter":[null]},"_exploded":true,"_verified":true},"options":{}},{"key":"transform-template-literals","visitor":{"TaggedTemplateExpression":{"enter":[null]},"TemplateLiteral":{"enter":[null]},"_exploded":true,"_verified":true},"options":{"loose":true}},{"key":"transform-typeof-symbol","visitor":{"UnaryExpression":{"enter":[null]},"_exploded":true,"_verified":true,"BlockStatement":{"enter":[null]},"CatchClause":{"enter":[null]},"DoWhileStatement":{"enter":[null]},"ForInStatement":{"enter":[null]},"ForStatement":{"enter":[null]},"FunctionDeclaration":{"enter":[null]},"FunctionExpression":{"enter":[null]},"Program":{"enter":[null]},"ObjectMethod":{"enter":[null]},"SwitchStatement":{"enter":[null]},"WhileStatement":{"enter":[null]},"ArrowFunctionExpression":{"enter":[null]},"ClassExpression":{"enter":[null]},"ClassDeclaration":{"enter":[null]},"ForOfStatement":{"enter":[null]},"ClassMethod":{"enter":[null]},"ClassPrivateMethod":{"enter":[null]},"StaticBlock":{"enter":[null]},"TSModuleBlock":{"enter":[null]},"AssignmentPattern":{"enter":[null]},"ArrayPattern":{"enter":[null]},"ObjectPattern":{"enter":[null]}},"options":{}},{"key":"transform-unicode-regex","visitor":{"RegExpLiteral":{"enter":[null]},"_exploded":true,"_verified":true},"options":{}},{"key":"transform-property-literals","visitor":{"ObjectProperty":{"exit":[null]},"_exploded":true,"_verified":true},"options":{}},{"key":"transform-exponentiation-operator","visitor":{"AssignmentExpression":{"enter":[null]},"BinaryExpression":{"enter":[null]},"_exploded":true,"_verified":true},"options":{}},{"key":"regenerator-transform","visitor":{"_exploded":true,"_verified":true,"ObjectMethod":{"enter":[null],"exit":[null]},"ClassMethod":{"enter":[null],"exit":[null]},"ClassPrivateMethod":{"enter":[null],"exit":[null]},"FunctionDeclaration":{"exit":[null]},"FunctionExpression":{"exit":[null]},"ArrowFunctionExpression":{"exit":[null]}},"options":{}}],"presets":[],"generatorOpts":{"filename":"/home/ney/meteor/cadastro/packages/callback-hook/hook.js","comments":true,"compact":false,"sourceMaps":true,"sourceFileName":"packages/callback-hook/hook.js"}},"code":"module.export({\n  Hook: function () {\n    return Hook;\n  }\n});\n// XXX This pattern is under development. Do not add more callsites\n// using this package for now. See:\n// https://meteor.hackpad.com/Design-proposal-Hooks-YxvgEW06q6f\n//\n// Encapsulates the pattern of registering callbacks on a hook.\n//\n// The `each` method of the hook calls its iterator function argument\n// with each registered callback.  This allows the hook to\n// conditionally decide not to call the callback (if, for example, the\n// observed object has been closed or terminated).\n//\n// By default, callbacks are bound with `Meteor.bindEnvironment`, so they will be\n// called with the Meteor environment of the calling code that\n// registered the callback. Override by passing { bindEnvironment: false }\n// to the constructor.\n//\n// Registering a callback returns an object with a single `stop`\n// method which unregisters the callback.\n//\n// The code is careful to allow a callback to be safely unregistered\n// while the callbacks are being iterated over.\n//\n// If the hook is configured with the `exceptionHandler` option, the\n// handler will be called if a called callback throws an exception.\n// By default (if the exception handler doesn't itself throw an\n// exception, or if the iterator function doesn't return a falsy value\n// to terminate the calling of callbacks), the remaining callbacks\n// will still be called.\n//\n// Alternatively, the `debugPrintExceptions` option can be specified\n// as string describing the callback.  On an exception the string and\n// the exception will be printed to the console log with\n// `Meteor._debug`, and the exception otherwise ignored.\n//\n// If an exception handler isn't specified, exceptions thrown in the\n// callback will propagate up to the iterator function, and will\n// terminate calling the remaining callbacks if not caught.\nvar hasOwn = Object.prototype.hasOwnProperty;\n\nvar Hook = /*#__PURE__*/function () {\n  function Hook(options) {\n    options = options || {};\n    this.nextCallbackId = 0;\n    this.callbacks = Object.create(null); // Whether to wrap callbacks with Meteor.bindEnvironment\n\n    this.bindEnvironment = true;\n\n    if (options.bindEnvironment === false) {\n      this.bindEnvironment = false;\n    }\n\n    if (options.exceptionHandler) {\n      this.exceptionHandler = options.exceptionHandler;\n    } else if (options.debugPrintExceptions) {\n      if (typeof options.debugPrintExceptions !== \"string\") {\n        throw new Error(\"Hook option debugPrintExceptions should be a string\");\n      }\n\n      this.exceptionHandler = options.debugPrintExceptions;\n    }\n  }\n\n  var _proto = Hook.prototype;\n\n  _proto.register = function () {\n    function register(callback) {\n      var _this2 = this;\n\n      var exceptionHandler = this.exceptionHandler || function (exception) {\n        // Note: this relies on the undocumented fact that if bindEnvironment's\n        // onException throws, and you are invoking the callback either in the\n        // browser or from within a Fiber in Node, the exception is propagated.\n        throw exception;\n      };\n\n      if (this.bindEnvironment) {\n        callback = Meteor.bindEnvironment(callback, exceptionHandler);\n      } else {\n        callback = dontBindEnvironment(callback, exceptionHandler);\n      }\n\n      var id = this.nextCallbackId++;\n      this.callbacks[id] = callback;\n      return {\n        callback: callback,\n        stop: function () {\n          delete _this2.callbacks[id];\n        }\n      };\n    }\n\n    return register;\n  }() // For each registered callback, call the passed iterator function\n  // with the callback.\n  //\n  // The iterator function can choose whether or not to call the\n  // callback.  (For example, it might not call the callback if the\n  // observed object has been closed or terminated).\n  //\n  // The iteration is stopped if the iterator function returns a falsy\n  // value or throws an exception.\n  //\n  ;\n\n  _proto.each = function () {\n    function each(iterator) {\n      // Invoking bindEnvironment'd callbacks outside of a Fiber in Node doesn't\n      // run them to completion (and exceptions thrown from onException are not\n      // propagated), so we need to be in a Fiber.\n      Meteor._nodeCodeMustBeInFiber();\n\n      var ids = Object.keys(this.callbacks);\n\n      for (var i = 0; i < ids.length; ++i) {\n        var id = ids[i]; // check to see if the callback was removed during iteration\n\n        if (hasOwn.call(this.callbacks, id)) {\n          var callback = this.callbacks[id];\n\n          if (!iterator(callback)) {\n            break;\n          }\n        }\n      }\n    }\n\n    return each;\n  }();\n\n  return Hook;\n}();\n\n// Copied from Meteor.bindEnvironment and removed all the env stuff.\nfunction dontBindEnvironment(func, onException, _this) {\n  if (!onException || typeof onException === 'string') {\n    var description = onException || \"callback of async function\";\n\n    onException = function (error) {\n      Meteor._debug(\"Exception in \" + description, error);\n    };\n  }\n\n  return function () {\n    try {\n      for (var _len = arguments.length, args = new Array(_len), _key = 0; _key < _len; _key++) {\n        args[_key] = arguments[_key];\n      }\n\n      var ret = func.apply(_this, args);\n    } catch (e) {\n      onException(e);\n    }\n\n    return ret;\n  };\n}","map":{"version":3,"sources":["packages/callback-hook/hook.js"],"names":["module","export","Hook","hasOwn","Object","prototype","hasOwnProperty","options","nextCallbackId","callbacks","create","bindEnvironment","exceptionHandler","debugPrintExceptions","Error","register","callback","exception","Meteor","dontBindEnvironment","id","stop","each","iterator","_nodeCodeMustBeInFiber","ids","keys","i","length","call","func","onException","_this","description","error","_debug","args","ret","apply","e"],"mappings":"AAAAA,MAAM,CAACC,MAAP,CAAc;AAACC,EAAAA,IAAI,EAAC,YAAU;AAAC,WAAOA,IAAP;AAAY;AAA7B,CAAd;AAAA;AACA;AACA;AACA;AACA;AACA;AACA;AACA;AACA;AACA;AACA;AACA;AACA;AACA;AACA;AACA;AACA;AACA;AACA;AACA;AACA;AACA;AACA;AACA;AACA;AACA;AACA;AACA;AACA;AACA;AACA;AACA;AACA;AACA;AACA;AACA;AACA;AAEA,IAAMC,MAAM,GAAGC,MAAM,CAACC,SAAP,CAAiBC,cAAhC;;IAEaJ,I;AACX,gBAAYK,OAAZ,EAAqB;AACnBA,IAAAA,OAAO,GAAGA,OAAO,IAAI,EAArB;AACA,SAAKC,cAAL,GAAsB,CAAtB;AACA,SAAKC,SAAL,GAAiBL,MAAM,CAACM,MAAP,CAAc,IAAd,CAAjB,CAHmB,CAInB;;AACA,SAAKC,eAAL,GAAuB,IAAvB;;AACA,QAAIJ,OAAO,CAACI,eAAR,KAA4B,KAAhC,EAAuC;AACrC,WAAKA,eAAL,GAAuB,KAAvB;AACD;;AAED,QAAIJ,OAAO,CAACK,gBAAZ,EAA8B;AAC5B,WAAKA,gBAAL,GAAwBL,OAAO,CAACK,gBAAhC;AACD,KAFD,MAEO,IAAIL,OAAO,CAACM,oBAAZ,EAAkC;AACvC,UAAI,OAAON,OAAO,CAACM,oBAAf,KAAwC,QAA5C,EAAsD;AACpD,cAAM,IAAIC,KAAJ,CAAU,qDAAV,CAAN;AACD;;AACD,WAAKF,gBAAL,GAAwBL,OAAO,CAACM,oBAAhC;AACD;AACF;;;;SAEDE,Q;AAAA,sBAASC,QAAT,EAAmB;AAAA;;AACjB,UAAIJ,gBAAgB,GAAG,KAAKA,gBAAL,IAAyB,UAAUK,SAAV,EAAqB;AACnE;AACA;AACA;AACA,cAAMA,SAAN;AACD,OALD;;AAOA,UAAI,KAAKN,eAAT,EAA0B;AACxBK,QAAAA,QAAQ,GAAGE,MAAM,CAACP,eAAP,CAAuBK,QAAvB,EAAiCJ,gBAAjC,CAAX;AACD,OAFD,MAEO;AACLI,QAAAA,QAAQ,GAAGG,mBAAmB,CAACH,QAAD,EAAWJ,gBAAX,CAA9B;AACD;;AAED,UAAIQ,EAAE,GAAG,KAAKZ,cAAL,EAAT;AACA,WAAKC,SAAL,CAAeW,EAAf,IAAqBJ,QAArB;AAEA,aAAO;AACLA,QAAAA,QAAQ,EAARA,QADK;AAELK,QAAAA,IAAI,EAAE,YAAM;AACV,iBAAO,MAAI,CAACZ,SAAL,CAAeW,EAAf,CAAP;AACD;AAJI,OAAP;AAMD;;;MAED;AACA;AACA;AACA;AACA;AACA;AACA;AACA;AACA;AACA;;;SACAE,I;AAAA,kBAAKC,QAAL,EAAe;AACb;AACA;AACA;AACAL,MAAAA,MAAM,CAACM,sBAAP;;AAEA,UAAIC,GAAG,GAAGrB,MAAM,CAACsB,IAAP,CAAY,KAAKjB,SAAjB,CAAV;;AACA,WAAK,IAAIkB,CAAC,GAAG,CAAb,EAAiBA,CAAC,GAAGF,GAAG,CAACG,MAAzB,EAAkC,EAAED,CAApC,EAAuC;AACrC,YAAIP,EAAE,GAAGK,GAAG,CAACE,CAAD,CAAZ,CADqC,CAErC;;AACA,YAAIxB,MAAM,CAAC0B,IAAP,CAAY,KAAKpB,SAAjB,EAA4BW,EAA5B,CAAJ,EAAqC;AACnC,cAAIJ,QAAQ,GAAG,KAAKP,SAAL,CAAeW,EAAf,CAAf;;AACA,cAAI,CAAEG,QAAQ,CAACP,QAAD,CAAd,EAA0B;AACxB;AACD;AACF;AACF;AACF;;;;;;;;AAGH;AACA,SAASG,mBAAT,CAA6BW,IAA7B,EAAmCC,WAAnC,EAAgDC,KAAhD,EAAuD;AACrD,MAAI,CAACD,WAAD,IAAgB,OAAOA,WAAP,KAAwB,QAA5C,EAAsD;AACpD,QAAIE,WAAW,GAAGF,WAAW,IAAI,4BAAjC;;AACAA,IAAAA,WAAW,GAAG,UAAUG,KAAV,EAAiB;AAC7BhB,MAAAA,MAAM,CAACiB,MAAP,CACE,kBAAkBF,WADpB,EAEEC,KAFF;AAID,KALD;AAMD;;AAED,SAAO,YAAmB;AACxB,QAAI;AAAA,wCADcE,IACd;AADcA,QAAAA,IACd;AAAA;;AACF,UAAIC,GAAG,GAAGP,IAAI,CAACQ,KAAL,CAAWN,KAAX,EAAkBI,IAAlB,CAAV;AACD,KAFD,CAEE,OAAOG,CAAP,EAAU;AACVR,MAAAA,WAAW,CAACQ,CAAD,CAAX;AACD;;AACD,WAAOF,GAAP;AACD,GAPD;AAQD","sourcesContent":["// XXX This pattern is under development. Do not add more callsites\n// using this package for now. See:\n// https://meteor.hackpad.com/Design-proposal-Hooks-YxvgEW06q6f\n//\n// Encapsulates the pattern of registering callbacks on a hook.\n//\n// The `each` method of the hook calls its iterator function argument\n// with each registered callback.  This allows the hook to\n// conditionally decide not to call the callback (if, for example, the\n// observed object has been closed or terminated).\n//\n// By default, callbacks are bound with `Meteor.bindEnvironment`, so they will be\n// called with the Meteor environment of the calling code that\n// registered the callback. Override by passing { bindEnvironment: false }\n// to the constructor.\n//\n// Registering a callback returns an object with a single `stop`\n// method which unregisters the callback.\n//\n// The code is careful to allow a callback to be safely unregistered\n// while the callbacks are being iterated over.\n//\n// If the hook is configured with the `exceptionHandler` option, the\n// handler will be called if a called callback throws an exception.\n// By default (if the exception handler doesn't itself throw an\n// exception, or if the iterator function doesn't return a falsy value\n// to terminate the calling of callbacks), the remaining callbacks\n// will still be called.\n//\n// Alternatively, the `debugPrintExceptions` option can be specified\n// as string describing the callback.  On an exception the string and\n// the exception will be printed to the console log with\n// `Meteor._debug`, and the exception otherwise ignored.\n//\n// If an exception handler isn't specified, exceptions thrown in the\n// callback will propagate up to the iterator function, and will\n// terminate calling the remaining callbacks if not caught.\n\nconst hasOwn = Object.prototype.hasOwnProperty;\n\nexport class Hook {\n  constructor(options) {\n    options = options || {};\n    this.nextCallbackId = 0;\n    this.callbacks = Object.create(null);\n    // Whether to wrap callbacks with Meteor.bindEnvironment\n    this.bindEnvironment = true;\n    if (options.bindEnvironment === false) {\n      this.bindEnvironment = false;\n    }\n\n    if (options.exceptionHandler) {\n      this.exceptionHandler = options.exceptionHandler;\n    } else if (options.debugPrintExceptions) {\n      if (typeof options.debugPrintExceptions !== \"string\") {\n        throw new Error(\"Hook option debugPrintExceptions should be a string\");\n      }\n      this.exceptionHandler = options.debugPrintExceptions;\n    }\n  }\n\n  register(callback) {\n    var exceptionHandler = this.exceptionHandler || function (exception) {\n      // Note: this relies on the undocumented fact that if bindEnvironment's\n      // onException throws, and you are invoking the callback either in the\n      // browser or from within a Fiber in Node, the exception is propagated.\n      throw exception;\n    };\n\n    if (this.bindEnvironment) {\n      callback = Meteor.bindEnvironment(callback, exceptionHandler);\n    } else {\n      callback = dontBindEnvironment(callback, exceptionHandler);\n    }\n\n    var id = this.nextCallbackId++;\n    this.callbacks[id] = callback;\n\n    return {\n      callback,\n      stop: () => {\n        delete this.callbacks[id];\n      }\n    };\n  }\n\n  // For each registered callback, call the passed iterator function\n  // with the callback.\n  //\n  // The iterator function can choose whether or not to call the\n  // callback.  (For example, it might not call the callback if the\n  // observed object has been closed or terminated).\n  //\n  // The iteration is stopped if the iterator function returns a falsy\n  // value or throws an exception.\n  //\n  each(iterator) {\n    // Invoking bindEnvironment'd callbacks outside of a Fiber in Node doesn't\n    // run them to completion (and exceptions thrown from onException are not\n    // propagated), so we need to be in a Fiber.\n    Meteor._nodeCodeMustBeInFiber();\n\n    var ids = Object.keys(this.callbacks);\n    for (var i = 0;  i < ids.length;  ++i) {\n      var id = ids[i];\n      // check to see if the callback was removed during iteration\n      if (hasOwn.call(this.callbacks, id)) {\n        var callback = this.callbacks[id];\n        if (! iterator(callback)) {\n          break;\n        }\n      }\n    }\n  }\n}\n\n// Copied from Meteor.bindEnvironment and removed all the env stuff.\nfunction dontBindEnvironment(func, onException, _this) {\n  if (!onException || typeof(onException) === 'string') {\n    var description = onException || \"callback of async function\";\n    onException = function (error) {\n      Meteor._debug(\n        \"Exception in \" + description,\n        error\n      );\n    };\n  }\n\n  return function (...args) {\n    try {\n      var ret = func.apply(_this, args);\n    } catch (e) {\n      onException(e);\n    }\n    return ret;\n  };\n}\n"]},"sourceType":"module","hash":"3321aa06876dda8719db651b4d8220b12f857cb3"}
