{"metadata":{},"options":{"compact":false,"sourceMaps":true,"ast":true,"babelrc":false,"configFile":false,"parserOpts":{"sourceType":"module","sourceFileName":"/home/ney/meteor/cadastro/packages/autoupdate/autoupdate_client.js","plugins":["*","flow","jsx","asyncGenerators","bigInt","classPrivateMethods","classPrivateProperties","classProperties","doExpressions","dynamicImport","exportDefaultFrom","exportExtensions","exportNamespaceFrom","functionBind","functionSent","importMeta","nullishCoalescingOperator","numericSeparator","objectRestSpread","optionalCatchBinding","optionalChaining",["pipelineOperator",{"proposal":"minimal"}],"throwExpressions","classProperties","classPrivateProperties","jsx","nullishCoalescingOperator","nullishCoalescingOperator","optionalChaining","optionalChaining","optionalCatchBinding","optionalCatchBinding","classProperties","classPrivateProperties","classPrivateMethods","classProperties","classPrivateProperties","asyncGenerators","asyncGenerators","objectRestSpread","objectRestSpread"],"allowImportExportEverywhere":true,"allowReturnOutsideFunction":true,"allowUndeclaredExports":true,"strictMode":false},"caller":{"name":"meteor","arch":"web.browser"},"sourceFileName":"packages/autoupdate/autoupdate_client.js","filename":"/home/ney/meteor/cadastro/packages/autoupdate/autoupdate_client.js","cloneInputAst":true,"passPerPreset":false,"envName":"development","cwd":"/home/ney/meteor/cadastro","root":"/home/ney/meteor/cadastro","plugins":[{"key":"base$0","visitor":{"_exploded":true,"_verified":true},"options":{}},{"key":"base$0$0","visitor":{"Program":{"enter":[null],"exit":[null]},"_exploded":true,"_verified":true},"options":{"avoidModernSyntax":false,"enforceStrictMode":false,"dynamicImport":true,"generateLetDeclarations":true}},{"key":"transform-runtime","visitor":{"CallExpression":{"enter":[null]},"BinaryExpression":{"enter":[null]},"MemberExpression":{"enter":[null],"exit":[null]},"_exploded":true,"_verified":true,"Identifier":{"enter":[null]},"JSXIdentifier":{"enter":[null]}},"options":{"version":"7.12.5","helpers":true,"useESModules":false,"corejs":false}},{"key":"proposal-class-properties","visitor":{"PrivateName":{"enter":[null]},"ExportDefaultDeclaration":{"enter":[null]},"_exploded":true,"_verified":true,"ClassExpression":{"enter":[null]},"ClassDeclaration":{"enter":[null]}},"options":{"loose":true}},{"key":"transform-react-jsx","visitor":{"_exploded":{},"_verified":{},"JSXNamespacedName":{"enter":[null]},"JSXSpreadChild":{"enter":[null]},"Program":{"enter":[null]},"JSXElement":{"exit":[null]},"JSXFragment":{"exit":[null]},"JSXAttribute":{"enter":[null]}},"options":{"pragma":"React.createElement","pragmaFrag":"React.Fragment","runtime":"classic","throwIfNamespace":true,"useBuiltIns":false}},{"key":"transform-react-display-name","visitor":{"ExportDefaultDeclaration":{"enter":[null]},"CallExpression":{"enter":[null]},"_exploded":true,"_verified":true},"options":{}},{"key":"transform-react-pure-annotations","visitor":{"CallExpression":{"enter":[null]},"_exploded":true,"_verified":true},"options":{}},{"key":"syntax-nullish-coalescing-operator","visitor":{"_exploded":true,"_verified":true},"options":{}},{"key":"proposal-nullish-coalescing-operator","visitor":{"_exploded":{},"_verified":{},"LogicalExpression":{"enter":[null]}},"options":{}},{"key":"syntax-optional-chaining","visitor":{"_exploded":true,"_verified":true},"options":{}},{"key":"proposal-optional-chaining","visitor":{"_exploded":{},"_verified":{},"OptionalCallExpression":{"enter":[null]},"OptionalMemberExpression":{"enter":[null]}},"options":{}},{"key":"syntax-optional-catch-binding","visitor":{"_exploded":true,"_verified":true},"options":{}},{"key":"proposal-optional-catch-binding","visitor":{"_exploded":{},"_verified":{},"CatchClause":{"enter":[null]}},"options":{}},{"key":"syntax-class-properties","visitor":{"_exploded":true,"_verified":true},"options":{}},{"key":"proposal-class-properties","visitor":{"PrivateName":{"enter":[null]},"ExportDefaultDeclaration":{"enter":[null]},"_exploded":true,"_verified":true,"ClassExpression":{"enter":[null]},"ClassDeclaration":{"enter":[null]}},"options":{}},{"key":"syntax-async-generators","visitor":{"_exploded":true,"_verified":true},"options":{}},{"key":"proposal-async-generator-functions","visitor":{"_exploded":{},"_verified":{},"Program":{"enter":[null]}},"options":{}},{"key":"syntax-object-rest-spread","visitor":{"_exploded":true,"_verified":true},"options":{}},{"key":"proposal-object-rest-spread","visitor":{"_exploded":{},"_verified":{},"VariableDeclarator":{"enter":[null]},"ExportNamedDeclaration":{"enter":[null]},"CatchClause":{"enter":[null]},"AssignmentExpression":{"enter":[null]},"ArrayPattern":{"enter":[null]},"ObjectExpression":{"enter":[null]},"FunctionDeclaration":{"enter":[null]},"FunctionExpression":{"enter":[null]},"ObjectMethod":{"enter":[null]},"ArrowFunctionExpression":{"enter":[null]},"ClassMethod":{"enter":[null]},"ClassPrivateMethod":{"enter":[null]},"ForInStatement":{"enter":[null]},"ForOfStatement":{"enter":[null]}},"options":{}},{"key":"transform-literals","visitor":{"NumericLiteral":{"enter":[null]},"StringLiteral":{"enter":[null]},"_exploded":true,"_verified":true},"options":{}},{"key":"transform-template-literals","visitor":{"TaggedTemplateExpression":{"enter":[null]},"TemplateLiteral":{"enter":[null]},"_exploded":true,"_verified":true},"options":{}},{"key":"transform-parameters","visitor":{"_exploded":true,"_verified":true,"FunctionDeclaration":{"enter":[null]},"FunctionExpression":{"enter":[null]},"ObjectMethod":{"enter":[null]},"ArrowFunctionExpression":{"enter":[null]},"ClassMethod":{"enter":[null]},"ClassPrivateMethod":{"enter":[null]}},"options":{}},{"key":"transform-exponentiation-operator","visitor":{"AssignmentExpression":{"enter":[null]},"BinaryExpression":{"enter":[null]},"_exploded":true,"_verified":true},"options":{}}],"presets":[],"generatorOpts":{"filename":"/home/ney/meteor/cadastro/packages/autoupdate/autoupdate_client.js","comments":true,"compact":false,"sourceMaps":true,"sourceFileName":"packages/autoupdate/autoupdate_client.js"}},"code":"module.export({\n  Autoupdate: () => Autoupdate\n});\nlet ClientVersions;\nmodule.link(\"./client_versions.js\", {\n  ClientVersions(v) {\n    ClientVersions = v;\n  }\n\n}, 0);\nconst clientArch = Meteor.isCordova ? \"web.cordova\" : Meteor.isModern ? \"web.browser\" : \"web.browser.legacy\";\nconst autoupdateVersions = ((__meteor_runtime_config__.autoupdate || {}).versions || {})[clientArch] || {\n  version: \"unknown\",\n  versionRefreshable: \"unknown\",\n  versionNonRefreshable: \"unknown\",\n  assets: []\n};\nconst Autoupdate = {};\n// Stores acceptable client versions.\nconst clientVersions = Autoupdate._clientVersions = // Used by a self-test.\nnew ClientVersions();\nMeteor.connection.registerStore(\"meteor_autoupdate_clientVersions\", clientVersions.createStore());\n\nAutoupdate.newClientAvailable = function () {\n  return clientVersions.newClientAvailable(clientArch, [\"versionRefreshable\", \"versionNonRefreshable\"], autoupdateVersions);\n}; // Set to true if the link.onload callback ever fires for any <link> node.\n\n\nlet knownToSupportCssOnLoad = false;\nconst retry = new Retry({\n  // Unlike the stream reconnect use of Retry, which we want to be instant\n  // in normal operation, this is a wacky failure. We don't want to retry\n  // right away, we can start slowly.\n  //\n  // A better way than timeconstants here might be to use the knowledge\n  // of when we reconnect to help trigger these retries. Typically, the\n  // server fixing code will result in a restart and reconnect, but\n  // potentially the subscription could have a transient error.\n  minCount: 0,\n  // don't do any immediate retries\n  baseTimeout: 30 * 1000 // start with 30s\n\n});\nlet failures = 0;\n\nAutoupdate._retrySubscription = () => {\n  Meteor.subscribe(\"meteor_autoupdate_clientVersions\", {\n    onError(error) {\n      Meteor._debug(\"autoupdate subscription failed\", error);\n\n      failures++;\n      retry.retryLater(failures, function () {\n        // Just retry making the subscription, don't reload the whole\n        // page. While reloading would catch more cases (for example,\n        // the server went back a version and is now doing old-style hot\n        // code push), it would also be more prone to reload loops,\n        // which look really bad to the user. Just retrying the\n        // subscription over DDP means it is at least possible to fix by\n        // updating the server.\n        Autoupdate._retrySubscription();\n      });\n    },\n\n    onReady() {\n      // Call checkNewVersionDocument with a slight delay, so that the\n      // const handle declaration is guaranteed to be initialized, even if\n      // the added or changed callbacks are called synchronously.\n      const resolved = Promise.resolve();\n\n      function check(doc) {\n        resolved.then(() => checkNewVersionDocument(doc));\n      }\n\n      const stop = clientVersions.watch(check);\n\n      function checkNewVersionDocument(doc) {\n        if (doc._id !== clientArch) {\n          return;\n        }\n\n        if (doc.versionNonRefreshable !== autoupdateVersions.versionNonRefreshable) {\n          // Non-refreshable assets have changed, so we have to reload the\n          // whole page rather than just replacing <link> tags.\n          if (stop) stop();\n\n          if (Package.reload) {\n            // The reload package should be provided by ddp-client, which\n            // is provided by the ddp package that autoupdate depends on.\n            Package.reload.Reload._reload();\n          }\n\n          return;\n        }\n\n        if (doc.versionRefreshable !== autoupdateVersions.versionRefreshable) {\n          autoupdateVersions.versionRefreshable = doc.versionRefreshable; // Switch out old css links for the new css links. Inspired by:\n          // https://github.com/guard/guard-livereload/blob/master/js/livereload.js#L710\n\n          var newCss = doc.assets || [];\n          var oldLinks = [];\n          Array.prototype.forEach.call(document.getElementsByTagName('link'), function (link) {\n            if (link.className === '__meteor-css__') {\n              oldLinks.push(link);\n            }\n          });\n\n          function waitUntilCssLoads(link, callback) {\n            var called;\n\n            link.onload = function () {\n              knownToSupportCssOnLoad = true;\n\n              if (!called) {\n                called = true;\n                callback();\n              }\n            };\n\n            if (!knownToSupportCssOnLoad) {\n              var id = Meteor.setInterval(function () {\n                if (link.sheet) {\n                  if (!called) {\n                    called = true;\n                    callback();\n                  }\n\n                  Meteor.clearInterval(id);\n                }\n              }, 50);\n            }\n          }\n\n          let newLinksLeftToLoad = newCss.length;\n\n          function removeOldLinks() {\n            if (oldLinks.length > 0 && --newLinksLeftToLoad < 1) {\n              oldLinks.splice(0).forEach(link => {\n                link.parentNode.removeChild(link);\n              });\n            }\n          }\n\n          if (newCss.length > 0) {\n            newCss.forEach(css => {\n              const newLink = document.createElement(\"link\");\n              newLink.setAttribute(\"rel\", \"stylesheet\");\n              newLink.setAttribute(\"type\", \"text/css\");\n              newLink.setAttribute(\"class\", \"__meteor-css__\");\n              newLink.setAttribute(\"href\", css.url);\n              waitUntilCssLoads(newLink, function () {\n                Meteor.setTimeout(removeOldLinks, 200);\n              });\n              const head = document.getElementsByTagName(\"head\").item(0);\n              head.appendChild(newLink);\n            });\n          } else {\n            removeOldLinks();\n          }\n        }\n      }\n    }\n\n  });\n};\n\nAutoupdate._retrySubscription();","map":{"version":3,"sources":["packages/autoupdate/autoupdate_client.js"],"names":["module","export","Autoupdate","ClientVersions","link","v","clientArch","Meteor","isCordova","isModern","autoupdateVersions","__meteor_runtime_config__","autoupdate","versions","version","versionRefreshable","versionNonRefreshable","assets","clientVersions","_clientVersions","connection","registerStore","createStore","newClientAvailable","knownToSupportCssOnLoad","retry","Retry","minCount","baseTimeout","failures","_retrySubscription","subscribe","onError","error","_debug","retryLater","onReady","resolved","Promise","resolve","check","doc","then","checkNewVersionDocument","stop","watch","_id","Package","reload","Reload","_reload","newCss","oldLinks","Array","prototype","forEach","call","document","getElementsByTagName","className","push","waitUntilCssLoads","callback","called","onload","id","setInterval","sheet","clearInterval","newLinksLeftToLoad","length","removeOldLinks","splice","parentNode","removeChild","css","newLink","createElement","setAttribute","url","setTimeout","head","item","appendChild"],"mappings":"AAAAA,MAAM,CAACC,MAAP,CAAc;AAACC,EAAAA,UAAU,EAAC,MAAIA;AAAhB,CAAd;AAA2C,IAAIC,cAAJ;AAAmBH,MAAM,CAACI,IAAP,CAAY,sBAAZ,EAAmC;AAACD,EAAAA,cAAc,CAACE,CAAD,EAAG;AAACF,IAAAA,cAAc,GAACE,CAAf;AAAiB;;AAApC,CAAnC,EAAyE,CAAzE;AA6B9D,MAAMC,UAAU,GAAGC,MAAM,CAACC,SAAP,GAAmB,aAAnB,GACjBD,MAAM,CAACE,QAAP,GAAkB,aAAlB,GAAkC,oBADpC;AAGA,MAAMC,kBAAkB,GACtB,CAAC,CAACC,yBAAyB,CAACC,UAA1B,IAAwC,EAAzC,EAA6CC,QAA7C,IAAyD,EAA1D,EAA8DP,UAA9D,KAA6E;AAC3EQ,EAAAA,OAAO,EAAE,SADkE;AAE3EC,EAAAA,kBAAkB,EAAE,SAFuD;AAG3EC,EAAAA,qBAAqB,EAAE,SAHoD;AAI3EC,EAAAA,MAAM,EAAE;AAJmE,CAD/E;AAQO,MAAMf,UAAU,GAAG,EAAnB;AAEP;AACA,MAAMgB,cAAc,GAClBhB,UAAU,CAACiB,eAAX,GAA6B;AAC7B,IAAIhB,cAAJ,EAFF;AAIAI,MAAM,CAACa,UAAP,CAAkBC,aAAlB,CACE,kCADF,EAEEH,cAAc,CAACI,WAAf,EAFF;;AAKApB,UAAU,CAACqB,kBAAX,GAAgC,YAAY;AAC1C,SAAOL,cAAc,CAACK,kBAAf,CACLjB,UADK,EAEL,CAAC,oBAAD,EAAuB,uBAAvB,CAFK,EAGLI,kBAHK,CAAP;AAKD,CAND,C,CAQA;;;AACA,IAAIc,uBAAuB,GAAG,KAA9B;AAEA,MAAMC,KAAK,GAAG,IAAIC,KAAJ,CAAU;AACtB;AACA;AACA;AACA;AACA;AACA;AACA;AACA;AACAC,EAAAA,QAAQ,EAAE,CATY;AAST;AACbC,EAAAA,WAAW,EAAE,KAAG,IAVM,CAUD;;AAVC,CAAV,CAAd;AAaA,IAAIC,QAAQ,GAAG,CAAf;;AAEA3B,UAAU,CAAC4B,kBAAX,GAAgC,MAAM;AACpCvB,EAAAA,MAAM,CAACwB,SAAP,CAAiB,kCAAjB,EAAqD;AACnDC,IAAAA,OAAO,CAACC,KAAD,EAAQ;AACb1B,MAAAA,MAAM,CAAC2B,MAAP,CAAc,gCAAd,EAAgDD,KAAhD;;AACAJ,MAAAA,QAAQ;AACRJ,MAAAA,KAAK,CAACU,UAAN,CAAiBN,QAAjB,EAA2B,YAAY;AACrC;AACA;AACA;AACA;AACA;AACA;AACA;AACA3B,QAAAA,UAAU,CAAC4B,kBAAX;AACD,OATD;AAUD,KAdkD;;AAgBnDM,IAAAA,OAAO,GAAG;AACR;AACA;AACA;AACA,YAAMC,QAAQ,GAAGC,OAAO,CAACC,OAAR,EAAjB;;AACA,eAASC,KAAT,CAAeC,GAAf,EAAoB;AAClBJ,QAAAA,QAAQ,CAACK,IAAT,CAAc,MAAMC,uBAAuB,CAACF,GAAD,CAA3C;AACD;;AAED,YAAMG,IAAI,GAAG1B,cAAc,CAAC2B,KAAf,CAAqBL,KAArB,CAAb;;AAEA,eAASG,uBAAT,CAAiCF,GAAjC,EAAsC;AACpC,YAAIA,GAAG,CAACK,GAAJ,KAAYxC,UAAhB,EAA4B;AAC1B;AACD;;AAED,YAAImC,GAAG,CAACzB,qBAAJ,KACAN,kBAAkB,CAACM,qBADvB,EAC8C;AAC5C;AACA;AACA,cAAI4B,IAAJ,EAAUA,IAAI;;AACd,cAAIG,OAAO,CAACC,MAAZ,EAAoB;AAClB;AACA;AACAD,YAAAA,OAAO,CAACC,MAAR,CAAeC,MAAf,CAAsBC,OAAtB;AACD;;AACD;AACD;;AAED,YAAIT,GAAG,CAAC1B,kBAAJ,KAA2BL,kBAAkB,CAACK,kBAAlD,EAAsE;AACpEL,UAAAA,kBAAkB,CAACK,kBAAnB,GAAwC0B,GAAG,CAAC1B,kBAA5C,CADoE,CAGpE;AACA;;AACA,cAAIoC,MAAM,GAAGV,GAAG,CAACxB,MAAJ,IAAc,EAA3B;AACA,cAAImC,QAAQ,GAAG,EAAf;AAEAC,UAAAA,KAAK,CAACC,SAAN,CAAgBC,OAAhB,CAAwBC,IAAxB,CACEC,QAAQ,CAACC,oBAAT,CAA8B,MAA9B,CADF,EAEE,UAAUtD,IAAV,EAAgB;AACd,gBAAIA,IAAI,CAACuD,SAAL,KAAmB,gBAAvB,EAAyC;AACvCP,cAAAA,QAAQ,CAACQ,IAAT,CAAcxD,IAAd;AACD;AACF,WANH;;AASA,mBAASyD,iBAAT,CAA2BzD,IAA3B,EAAiC0D,QAAjC,EAA2C;AACzC,gBAAIC,MAAJ;;AAEA3D,YAAAA,IAAI,CAAC4D,MAAL,GAAc,YAAY;AACxBxC,cAAAA,uBAAuB,GAAG,IAA1B;;AACA,kBAAI,CAAEuC,MAAN,EAAc;AACZA,gBAAAA,MAAM,GAAG,IAAT;AACAD,gBAAAA,QAAQ;AACT;AACF,aAND;;AAQA,gBAAI,CAAEtC,uBAAN,EAA+B;AAC7B,kBAAIyC,EAAE,GAAG1D,MAAM,CAAC2D,WAAP,CAAmB,YAAY;AACtC,oBAAI9D,IAAI,CAAC+D,KAAT,EAAgB;AACd,sBAAI,CAAEJ,MAAN,EAAc;AACZA,oBAAAA,MAAM,GAAG,IAAT;AACAD,oBAAAA,QAAQ;AACT;;AACDvD,kBAAAA,MAAM,CAAC6D,aAAP,CAAqBH,EAArB;AACD;AACF,eARQ,EAQN,EARM,CAAT;AASD;AACF;;AAED,cAAII,kBAAkB,GAAGlB,MAAM,CAACmB,MAAhC;;AACA,mBAASC,cAAT,GAA0B;AACxB,gBAAInB,QAAQ,CAACkB,MAAT,GAAkB,CAAlB,IACA,EAAED,kBAAF,GAAuB,CAD3B,EAC8B;AAC5BjB,cAAAA,QAAQ,CAACoB,MAAT,CAAgB,CAAhB,EAAmBjB,OAAnB,CAA2BnD,IAAI,IAAI;AACjCA,gBAAAA,IAAI,CAACqE,UAAL,CAAgBC,WAAhB,CAA4BtE,IAA5B;AACD,eAFD;AAGD;AACF;;AAED,cAAI+C,MAAM,CAACmB,MAAP,GAAgB,CAApB,EAAuB;AACrBnB,YAAAA,MAAM,CAACI,OAAP,CAAeoB,GAAG,IAAI;AACpB,oBAAMC,OAAO,GAAGnB,QAAQ,CAACoB,aAAT,CAAuB,MAAvB,CAAhB;AACAD,cAAAA,OAAO,CAACE,YAAR,CAAqB,KAArB,EAA4B,YAA5B;AACAF,cAAAA,OAAO,CAACE,YAAR,CAAqB,MAArB,EAA6B,UAA7B;AACAF,cAAAA,OAAO,CAACE,YAAR,CAAqB,OAArB,EAA8B,gBAA9B;AACAF,cAAAA,OAAO,CAACE,YAAR,CAAqB,MAArB,EAA6BH,GAAG,CAACI,GAAjC;AAEAlB,cAAAA,iBAAiB,CAACe,OAAD,EAAU,YAAY;AACrCrE,gBAAAA,MAAM,CAACyE,UAAP,CAAkBT,cAAlB,EAAkC,GAAlC;AACD,eAFgB,CAAjB;AAIA,oBAAMU,IAAI,GAAGxB,QAAQ,CAACC,oBAAT,CAA8B,MAA9B,EAAsCwB,IAAtC,CAA2C,CAA3C,CAAb;AACAD,cAAAA,IAAI,CAACE,WAAL,CAAiBP,OAAjB;AACD,aAbD;AAcD,WAfD,MAeO;AACLL,YAAAA,cAAc;AACf;AACF;AACF;AACF;;AApHkD,GAArD;AAsHD,CAvHD;;AAyHArE,UAAU,CAAC4B,kBAAX","sourcesContent":["// Subscribe to the `meteor_autoupdate_clientVersions` collection,\n// which contains the set of acceptable client versions.\n//\n// A \"hard code push\" occurs when the running client version is not in\n// the set of acceptable client versions (or the server updates the\n// collection, there is a published client version marked `current` and\n// the running client version is no longer in the set).\n//\n// When the `reload` package is loaded, a hard code push causes\n// the browser to reload, so that it will load the latest client\n// version from the server.\n//\n// A \"soft code push\" represents the situation when the running client\n// version is in the set of acceptable versions, but there is a newer\n// version available on the server.\n//\n// `Autoupdate.newClientAvailable` is a reactive data source which\n// becomes `true` if a new version of the client is available on\n// the server.\n//\n// This package doesn't implement a soft code reload process itself,\n// but `newClientAvailable` could be used for example to display a\n// \"click to reload\" link to the user.\n\n// The client version of the client code currently running in the\n// browser.\n\nimport { ClientVersions } from \"./client_versions.js\";\n\nconst clientArch = Meteor.isCordova ? \"web.cordova\" :\n  Meteor.isModern ? \"web.browser\" : \"web.browser.legacy\";\n\nconst autoupdateVersions =\n  ((__meteor_runtime_config__.autoupdate || {}).versions || {})[clientArch] || {\n    version: \"unknown\",\n    versionRefreshable: \"unknown\",\n    versionNonRefreshable: \"unknown\",\n    assets: [],\n  };\n\nexport const Autoupdate = {};\n\n// Stores acceptable client versions.\nconst clientVersions =\n  Autoupdate._clientVersions = // Used by a self-test.\n  new ClientVersions();\n\nMeteor.connection.registerStore(\n  \"meteor_autoupdate_clientVersions\",\n  clientVersions.createStore()\n);\n\nAutoupdate.newClientAvailable = function () {\n  return clientVersions.newClientAvailable(\n    clientArch,\n    [\"versionRefreshable\", \"versionNonRefreshable\"],\n    autoupdateVersions\n  );\n};\n\n// Set to true if the link.onload callback ever fires for any <link> node.\nlet knownToSupportCssOnLoad = false;\n\nconst retry = new Retry({\n  // Unlike the stream reconnect use of Retry, which we want to be instant\n  // in normal operation, this is a wacky failure. We don't want to retry\n  // right away, we can start slowly.\n  //\n  // A better way than timeconstants here might be to use the knowledge\n  // of when we reconnect to help trigger these retries. Typically, the\n  // server fixing code will result in a restart and reconnect, but\n  // potentially the subscription could have a transient error.\n  minCount: 0, // don't do any immediate retries\n  baseTimeout: 30*1000 // start with 30s\n});\n\nlet failures = 0;\n\nAutoupdate._retrySubscription = () => {\n  Meteor.subscribe(\"meteor_autoupdate_clientVersions\", {\n    onError(error) {\n      Meteor._debug(\"autoupdate subscription failed\", error);\n      failures++;\n      retry.retryLater(failures, function () {\n        // Just retry making the subscription, don't reload the whole\n        // page. While reloading would catch more cases (for example,\n        // the server went back a version and is now doing old-style hot\n        // code push), it would also be more prone to reload loops,\n        // which look really bad to the user. Just retrying the\n        // subscription over DDP means it is at least possible to fix by\n        // updating the server.\n        Autoupdate._retrySubscription();\n      });\n    },\n\n    onReady() {\n      // Call checkNewVersionDocument with a slight delay, so that the\n      // const handle declaration is guaranteed to be initialized, even if\n      // the added or changed callbacks are called synchronously.\n      const resolved = Promise.resolve();\n      function check(doc) {\n        resolved.then(() => checkNewVersionDocument(doc));\n      }\n\n      const stop = clientVersions.watch(check);\n\n      function checkNewVersionDocument(doc) {\n        if (doc._id !== clientArch) {\n          return;\n        }\n\n        if (doc.versionNonRefreshable !==\n            autoupdateVersions.versionNonRefreshable) {\n          // Non-refreshable assets have changed, so we have to reload the\n          // whole page rather than just replacing <link> tags.\n          if (stop) stop();\n          if (Package.reload) {\n            // The reload package should be provided by ddp-client, which\n            // is provided by the ddp package that autoupdate depends on.\n            Package.reload.Reload._reload();\n          }\n          return;\n        }\n\n        if (doc.versionRefreshable !== autoupdateVersions.versionRefreshable) {\n          autoupdateVersions.versionRefreshable = doc.versionRefreshable;\n\n          // Switch out old css links for the new css links. Inspired by:\n          // https://github.com/guard/guard-livereload/blob/master/js/livereload.js#L710\n          var newCss = doc.assets || [];\n          var oldLinks = [];\n\n          Array.prototype.forEach.call(\n            document.getElementsByTagName('link'),\n            function (link) {\n              if (link.className === '__meteor-css__') {\n                oldLinks.push(link);\n              }\n            }\n          );\n\n          function waitUntilCssLoads(link, callback) {\n            var called;\n\n            link.onload = function () {\n              knownToSupportCssOnLoad = true;\n              if (! called) {\n                called = true;\n                callback();\n              }\n            };\n\n            if (! knownToSupportCssOnLoad) {\n              var id = Meteor.setInterval(function () {\n                if (link.sheet) {\n                  if (! called) {\n                    called = true;\n                    callback();\n                  }\n                  Meteor.clearInterval(id);\n                }\n              }, 50);\n            }\n          }\n\n          let newLinksLeftToLoad = newCss.length;\n          function removeOldLinks() {\n            if (oldLinks.length > 0 &&\n                --newLinksLeftToLoad < 1) {\n              oldLinks.splice(0).forEach(link => {\n                link.parentNode.removeChild(link);\n              });\n            }\n          }\n\n          if (newCss.length > 0) {\n            newCss.forEach(css => {\n              const newLink = document.createElement(\"link\");\n              newLink.setAttribute(\"rel\", \"stylesheet\");\n              newLink.setAttribute(\"type\", \"text/css\");\n              newLink.setAttribute(\"class\", \"__meteor-css__\");\n              newLink.setAttribute(\"href\", css.url);\n\n              waitUntilCssLoads(newLink, function () {\n                Meteor.setTimeout(removeOldLinks, 200);\n              });\n\n              const head = document.getElementsByTagName(\"head\").item(0);\n              head.appendChild(newLink);\n            });\n          } else {\n            removeOldLinks();\n          }\n        }\n      }\n    }\n  });\n};\n\nAutoupdate._retrySubscription();\n"]},"sourceType":"module","hash":"665be87619e639565304776a76a08f79df991ae6"}
