{"metadata":{},"options":{"compact":false,"sourceMaps":true,"ast":true,"babelrc":false,"configFile":false,"parserOpts":{"sourceType":"module","sourceFileName":"/home/ney/meteor/cadastro/packages/boilerplate-generator/template-web.cordova.js","plugins":["*","flow","jsx","asyncGenerators","bigInt","classPrivateMethods","classPrivateProperties","classProperties","doExpressions","dynamicImport","exportDefaultFrom","exportExtensions","exportNamespaceFrom","functionBind","functionSent","importMeta","nullishCoalescingOperator","numericSeparator","objectRestSpread","optionalCatchBinding","optionalChaining",["pipelineOperator",{"proposal":"minimal"}],"throwExpressions","objectRestSpread","objectRestSpread","asyncGenerators","classProperties","classPrivateProperties","jsx","nullishCoalescingOperator","nullishCoalescingOperator","optionalChaining","optionalChaining","optionalCatchBinding","optionalCatchBinding","classProperties","classPrivateProperties","classPrivateMethods","classProperties","classPrivateProperties","asyncGenerators","asyncGenerators","objectRestSpread","objectRestSpread"],"allowImportExportEverywhere":true,"allowReturnOutsideFunction":true,"allowUndeclaredExports":true,"strictMode":false},"caller":{"name":"meteor","arch":"os.linux.x86_64"},"sourceFileName":"packages/boilerplate-generator/template-web.cordova.js","filename":"/home/ney/meteor/cadastro/packages/boilerplate-generator/template-web.cordova.js","cloneInputAst":true,"passPerPreset":false,"envName":"development","cwd":"/home/ney/meteor/cadastro","root":"/home/ney/meteor/cadastro","plugins":[{"key":"base$0","visitor":{"_exploded":true,"_verified":true},"options":{}},{"key":"base$0$0","visitor":{"Program":{"enter":[null],"exit":[null]},"_exploded":true,"_verified":true},"options":{"avoidModernSyntax":false,"enforceStrictMode":false,"dynamicImport":true,"generateLetDeclarations":true}},{"key":"transform-runtime","visitor":{"CallExpression":{"enter":[null]},"BinaryExpression":{"enter":[null]},"MemberExpression":{"enter":[null],"exit":[null]},"_exploded":true,"_verified":true,"Identifier":{"enter":[null]},"JSXIdentifier":{"enter":[null]}},"options":{"version":"7.12.5","helpers":true,"useESModules":false,"corejs":false}},{"key":"syntax-object-rest-spread","visitor":{"_exploded":true,"_verified":true},"options":{}},{"key":"proposal-object-rest-spread","visitor":{"_exploded":{},"_verified":{},"VariableDeclarator":{"enter":[null]},"ExportNamedDeclaration":{"enter":[null]},"CatchClause":{"enter":[null]},"AssignmentExpression":{"enter":[null]},"ArrayPattern":{"enter":[null]},"ObjectExpression":{"enter":[null]},"FunctionDeclaration":{"enter":[null]},"FunctionExpression":{"enter":[null]},"ObjectMethod":{"enter":[null]},"ArrowFunctionExpression":{"enter":[null]},"ClassMethod":{"enter":[null]},"ClassPrivateMethod":{"enter":[null]},"ForInStatement":{"enter":[null]},"ForOfStatement":{"enter":[null]}},"options":{}},{"key":"transform-meteor-async-await","visitor":{"AwaitExpression":{"enter":[null]},"_exploded":true,"_verified":true,"FunctionDeclaration":{"exit":[null]},"FunctionExpression":{"exit":[null]},"ObjectMethod":{"exit":[null]},"ArrowFunctionExpression":{"exit":[null]},"ClassMethod":{"exit":[null]},"ClassPrivateMethod":{"exit":[null]}},"options":{"useNativeAsyncAwait":false}},{"key":"proposal-async-generator-functions","visitor":{"_exploded":{},"_verified":{},"Program":{"enter":[null]}},"options":{}},{"key":"proposal-class-properties","visitor":{"PrivateName":{"enter":[null]},"ExportDefaultDeclaration":{"enter":[null]},"_exploded":true,"_verified":true,"ClassExpression":{"enter":[null]},"ClassDeclaration":{"enter":[null]}},"options":{"loose":true}},{"key":"transform-react-jsx","visitor":{"_exploded":{},"_verified":{},"JSXNamespacedName":{"enter":[null]},"JSXSpreadChild":{"enter":[null]},"Program":{"enter":[null]},"JSXElement":{"exit":[null]},"JSXFragment":{"exit":[null]},"JSXAttribute":{"enter":[null]}},"options":{"pragma":"React.createElement","pragmaFrag":"React.Fragment","runtime":"classic","throwIfNamespace":true,"useBuiltIns":false}},{"key":"transform-react-display-name","visitor":{"ExportDefaultDeclaration":{"enter":[null]},"CallExpression":{"enter":[null]},"_exploded":true,"_verified":true},"options":{}},{"key":"transform-react-pure-annotations","visitor":{"CallExpression":{"enter":[null]},"_exploded":true,"_verified":true},"options":{}},{"key":"syntax-nullish-coalescing-operator","visitor":{"_exploded":true,"_verified":true},"options":{}},{"key":"proposal-nullish-coalescing-operator","visitor":{"_exploded":{},"_verified":{},"LogicalExpression":{"enter":[null]}},"options":{}},{"key":"syntax-optional-chaining","visitor":{"_exploded":true,"_verified":true},"options":{}},{"key":"proposal-optional-chaining","visitor":{"_exploded":{},"_verified":{},"OptionalCallExpression":{"enter":[null]},"OptionalMemberExpression":{"enter":[null]}},"options":{}},{"key":"syntax-optional-catch-binding","visitor":{"_exploded":true,"_verified":true},"options":{}},{"key":"proposal-optional-catch-binding","visitor":{"_exploded":{},"_verified":{},"CatchClause":{"enter":[null]}},"options":{}},{"key":"syntax-class-properties","visitor":{"_exploded":true,"_verified":true},"options":{}},{"key":"proposal-class-properties","visitor":{"PrivateName":{"enter":[null]},"ExportDefaultDeclaration":{"enter":[null]},"_exploded":true,"_verified":true,"ClassExpression":{"enter":[null]},"ClassDeclaration":{"enter":[null]}},"options":{}},{"key":"syntax-async-generators","visitor":{"_exploded":true,"_verified":true},"options":{}},{"key":"proposal-async-generator-functions","visitor":{"_exploded":{},"_verified":{},"Program":{"enter":[null]}},"options":{}},{"key":"syntax-object-rest-spread","visitor":{"_exploded":true,"_verified":true},"options":{}},{"key":"proposal-object-rest-spread","visitor":{"_exploded":{},"_verified":{},"VariableDeclarator":{"enter":[null]},"ExportNamedDeclaration":{"enter":[null]},"CatchClause":{"enter":[null]},"AssignmentExpression":{"enter":[null]},"ArrayPattern":{"enter":[null]},"ObjectExpression":{"enter":[null]},"FunctionDeclaration":{"enter":[null]},"FunctionExpression":{"enter":[null]},"ObjectMethod":{"enter":[null]},"ArrowFunctionExpression":{"enter":[null]},"ClassMethod":{"enter":[null]},"ClassPrivateMethod":{"enter":[null]},"ForInStatement":{"enter":[null]},"ForOfStatement":{"enter":[null]}},"options":{}},{"key":"transform-literals","visitor":{"NumericLiteral":{"enter":[null]},"StringLiteral":{"enter":[null]},"_exploded":true,"_verified":true},"options":{}},{"key":"transform-template-literals","visitor":{"TaggedTemplateExpression":{"enter":[null]},"TemplateLiteral":{"enter":[null]},"_exploded":true,"_verified":true},"options":{}},{"key":"transform-parameters","visitor":{"_exploded":true,"_verified":true,"FunctionDeclaration":{"enter":[null]},"FunctionExpression":{"enter":[null]},"ObjectMethod":{"enter":[null]},"ArrowFunctionExpression":{"enter":[null]},"ClassMethod":{"enter":[null]},"ClassPrivateMethod":{"enter":[null]}},"options":{}},{"key":"transform-exponentiation-operator","visitor":{"AssignmentExpression":{"enter":[null]},"BinaryExpression":{"enter":[null]},"_exploded":true,"_verified":true},"options":{}}],"presets":[],"generatorOpts":{"filename":"/home/ney/meteor/cadastro/packages/boilerplate-generator/template-web.cordova.js","comments":true,"compact":false,"sourceMaps":true,"sourceFileName":"packages/boilerplate-generator/template-web.cordova.js"}},"code":"module.export({\n  headTemplate: () => headTemplate,\n  closeTemplate: () => closeTemplate\n});\nlet template;\nmodule.link(\"./template\", {\n  default(v) {\n    template = v;\n  }\n\n}, 0);\n\nconst headTemplate = (_ref) => {\n  let {\n    meteorRuntimeConfig,\n    rootUrlPathPrefix,\n    inlineScriptsAllowed,\n    css,\n    js,\n    additionalStaticJs,\n    htmlAttributes,\n    bundledJsCssUrlRewriteHook,\n    head,\n    dynamicHead\n  } = _ref;\n  var headSections = head.split(/<meteor-bundled-css[^<>]*>/, 2);\n  var cssBundle = [// We are explicitly not using bundledJsCssUrlRewriteHook: in cordova we serve assets up directly from disk, so rewriting the URL does not make sense\n  ...(css || []).map(file => template('  <link rel=\"stylesheet\" type=\"text/css\" class=\"__meteor-css__\" href=\"<%- href %>\">')({\n    href: file.url\n  }))].join('\\n');\n  return ['<html>', '<head>', '  <meta charset=\"utf-8\">', '  <meta name=\"format-detection\" content=\"telephone=no\">', '  <meta name=\"viewport\" content=\"user-scalable=no, initial-scale=1, maximum-scale=1, minimum-scale=1, width=device-width, height=device-height, viewport-fit=cover\">', '  <meta name=\"msapplication-tap-highlight\" content=\"no\">', '  <meta http-equiv=\"Content-Security-Policy\" content=\"default-src * android-webview-video-poster: gap: data: blob: \\'unsafe-inline\\' \\'unsafe-eval\\' ws: wss:;\">', headSections.length === 1 ? [cssBundle, headSections[0]].join('\\n') : [headSections[0], cssBundle, headSections[1]].join('\\n'), '  <script type=\"text/javascript\">', template('    __meteor_runtime_config__ = JSON.parse(decodeURIComponent(<%= conf %>));')({\n    conf: meteorRuntimeConfig\n  }), '    if (/Android/i.test(navigator.userAgent)) {', // When Android app is emulated, it cannot connect to localhost,\n  // instead it should connect to 10.0.2.2\n  // (unless we\\'re using an http proxy; then it works!)\n  '      if (!__meteor_runtime_config__.httpProxyPort) {', '        __meteor_runtime_config__.ROOT_URL = (__meteor_runtime_config__.ROOT_URL || \\'\\').replace(/localhost/i, \\'10.0.2.2\\');', '        __meteor_runtime_config__.DDP_DEFAULT_CONNECTION_URL = (__meteor_runtime_config__.DDP_DEFAULT_CONNECTION_URL || \\'\\').replace(/localhost/i, \\'10.0.2.2\\');', '      }', '    }', '  </script>', '', '  <script type=\"text/javascript\" src=\"/cordova.js\"></script>', ...(js || []).map(file => template('  <script type=\"text/javascript\" src=\"<%- src %>\"></script>')({\n    src: file.url\n  })), ...(additionalStaticJs || []).map((_ref2) => {\n    let {\n      contents,\n      pathname\n    } = _ref2;\n    return inlineScriptsAllowed ? template('  <script><%= contents %></script>')({\n      contents\n    }) : template('  <script type=\"text/javascript\" src=\"<%- src %>\"></script>')({\n      src: rootUrlPathPrefix + pathname\n    });\n  }), '', '</head>', '', '<body>'].join('\\n');\n};\n\nfunction closeTemplate() {\n  return \"</body>\\n</html>\";\n}","map":{"version":3,"sources":["packages/boilerplate-generator/template-web.cordova.js"],"names":["module","export","headTemplate","closeTemplate","template","link","default","v","meteorRuntimeConfig","rootUrlPathPrefix","inlineScriptsAllowed","css","js","additionalStaticJs","htmlAttributes","bundledJsCssUrlRewriteHook","head","dynamicHead","headSections","split","cssBundle","map","file","href","url","join","length","conf","src","contents","pathname"],"mappings":"AAAAA,MAAM,CAACC,MAAP,CAAc;AAACC,EAAAA,YAAY,EAAC,MAAIA,YAAlB;AAA+BC,EAAAA,aAAa,EAAC,MAAIA;AAAjD,CAAd;AAA+E,IAAIC,QAAJ;AAAaJ,MAAM,CAACK,IAAP,CAAY,YAAZ,EAAyB;AAACC,EAAAA,OAAO,CAACC,CAAD,EAAG;AAACH,IAAAA,QAAQ,GAACG,CAAT;AAAW;;AAAvB,CAAzB,EAAkD,CAAlD;;AAGrF,MAAML,YAAY,GAAG,UAWtB;AAAA,MAXuB;AAC3BM,IAAAA,mBAD2B;AAE3BC,IAAAA,iBAF2B;AAG3BC,IAAAA,oBAH2B;AAI3BC,IAAAA,GAJ2B;AAK3BC,IAAAA,EAL2B;AAM3BC,IAAAA,kBAN2B;AAO3BC,IAAAA,cAP2B;AAQ3BC,IAAAA,0BAR2B;AAS3BC,IAAAA,IAT2B;AAU3BC,IAAAA;AAV2B,GAWvB;AACJ,MAAIC,YAAY,GAAGF,IAAI,CAACG,KAAL,CAAW,4BAAX,EAAyC,CAAzC,CAAnB;AACA,MAAIC,SAAS,GAAG,CACd;AACA,KAAG,CAACT,GAAG,IAAI,EAAR,EAAYU,GAAZ,CAAgBC,IAAI,IACrBlB,QAAQ,CAAC,qFAAD,CAAR,CAAgG;AAC9FmB,IAAAA,IAAI,EAAED,IAAI,CAACE;AADmF,GAAhG,CADC,CAFW,EAMbC,IANa,CAMR,IANQ,CAAhB;AAQA,SAAO,CACL,QADK,EAEL,QAFK,EAGL,0BAHK,EAIL,yDAJK,EAKL,sKALK,EAML,0DANK,EAOL,kKAPK,EASNP,YAAY,CAACQ,MAAb,KAAwB,CAAzB,GACI,CAACN,SAAD,EAAYF,YAAY,CAAC,CAAD,CAAxB,EAA6BO,IAA7B,CAAkC,IAAlC,CADJ,GAEI,CAACP,YAAY,CAAC,CAAD,CAAb,EAAkBE,SAAlB,EAA6BF,YAAY,CAAC,CAAD,CAAzC,EAA8CO,IAA9C,CAAmD,IAAnD,CAXG,EAaL,mCAbK,EAcLrB,QAAQ,CAAC,8EAAD,CAAR,CAAyF;AACvFuB,IAAAA,IAAI,EAAEnB;AADiF,GAAzF,CAdK,EAiBL,iDAjBK,EAkBL;AACA;AACA;AACA,yDArBK,EAsBL,gIAtBK,EAuBL,oKAvBK,EAwBL,SAxBK,EAyBL,OAzBK,EA0BL,aA1BK,EA2BL,EA3BK,EA4BL,8DA5BK,EA8BL,GAAG,CAACI,EAAE,IAAI,EAAP,EAAWS,GAAX,CAAeC,IAAI,IACpBlB,QAAQ,CAAC,6DAAD,CAAR,CAAwE;AACtEwB,IAAAA,GAAG,EAAEN,IAAI,CAACE;AAD4D,GAAxE,CADC,CA9BE,EAoCL,GAAG,CAACX,kBAAkB,IAAI,EAAvB,EAA2BQ,GAA3B,CAA+B;AAAA,QAAC;AAAEQ,MAAAA,QAAF;AAAYC,MAAAA;AAAZ,KAAD;AAAA,WAChCpB,oBAAoB,GAChBN,QAAQ,CAAC,oCAAD,CAAR,CAA+C;AAC/CyB,MAAAA;AAD+C,KAA/C,CADgB,GAIhBzB,QAAQ,CAAC,6DAAD,CAAR,CAAwE;AACxEwB,MAAAA,GAAG,EAAEnB,iBAAiB,GAAGqB;AAD+C,KAAxE,CAL4B;AAAA,GAA/B,CApCE,EA6CL,EA7CK,EA8CL,SA9CK,EA+CL,EA/CK,EAgDL,QAhDK,EAiDLL,IAjDK,CAiDA,IAjDA,CAAP;AAkDD,CAvEM;;AAyEA,SAAStB,aAAT,GAAyB;AAC9B,SAAO,kBAAP;AACD","sourcesContent":["import template from './template';\n\n// Template function for rendering the boilerplate html for cordova\nexport const headTemplate = ({\n  meteorRuntimeConfig,\n  rootUrlPathPrefix,\n  inlineScriptsAllowed,\n  css,\n  js,\n  additionalStaticJs,\n  htmlAttributes,\n  bundledJsCssUrlRewriteHook,\n  head,\n  dynamicHead,\n}) => {\n  var headSections = head.split(/<meteor-bundled-css[^<>]*>/, 2);\n  var cssBundle = [\n    // We are explicitly not using bundledJsCssUrlRewriteHook: in cordova we serve assets up directly from disk, so rewriting the URL does not make sense\n    ...(css || []).map(file =>\n      template('  <link rel=\"stylesheet\" type=\"text/css\" class=\"__meteor-css__\" href=\"<%- href %>\">')({\n        href: file.url,\n      })\n  )].join('\\n');\n\n  return [\n    '<html>',\n    '<head>',\n    '  <meta charset=\"utf-8\">',\n    '  <meta name=\"format-detection\" content=\"telephone=no\">',\n    '  <meta name=\"viewport\" content=\"user-scalable=no, initial-scale=1, maximum-scale=1, minimum-scale=1, width=device-width, height=device-height, viewport-fit=cover\">',\n    '  <meta name=\"msapplication-tap-highlight\" content=\"no\">',\n    '  <meta http-equiv=\"Content-Security-Policy\" content=\"default-src * android-webview-video-poster: gap: data: blob: \\'unsafe-inline\\' \\'unsafe-eval\\' ws: wss:;\">',\n\n  (headSections.length === 1)\n    ? [cssBundle, headSections[0]].join('\\n')\n    : [headSections[0], cssBundle, headSections[1]].join('\\n'),\n\n    '  <script type=\"text/javascript\">',\n    template('    __meteor_runtime_config__ = JSON.parse(decodeURIComponent(<%= conf %>));')({\n      conf: meteorRuntimeConfig,\n    }),\n    '    if (/Android/i.test(navigator.userAgent)) {',\n    // When Android app is emulated, it cannot connect to localhost,\n    // instead it should connect to 10.0.2.2\n    // (unless we\\'re using an http proxy; then it works!)\n    '      if (!__meteor_runtime_config__.httpProxyPort) {',\n    '        __meteor_runtime_config__.ROOT_URL = (__meteor_runtime_config__.ROOT_URL || \\'\\').replace(/localhost/i, \\'10.0.2.2\\');',\n    '        __meteor_runtime_config__.DDP_DEFAULT_CONNECTION_URL = (__meteor_runtime_config__.DDP_DEFAULT_CONNECTION_URL || \\'\\').replace(/localhost/i, \\'10.0.2.2\\');',\n    '      }',\n    '    }',\n    '  </script>',\n    '',\n    '  <script type=\"text/javascript\" src=\"/cordova.js\"></script>',\n\n    ...(js || []).map(file =>\n      template('  <script type=\"text/javascript\" src=\"<%- src %>\"></script>')({\n        src: file.url,\n      })\n    ),\n\n    ...(additionalStaticJs || []).map(({ contents, pathname }) => (\n      inlineScriptsAllowed\n        ? template('  <script><%= contents %></script>')({\n          contents,\n        })\n        : template('  <script type=\"text/javascript\" src=\"<%- src %>\"></script>')({\n          src: rootUrlPathPrefix + pathname\n        })\n    )),\n    '',\n    '</head>',\n    '',\n    '<body>',\n  ].join('\\n');\n};\n\nexport function closeTemplate() {\n  return \"</body>\\n</html>\";\n}\n"]},"sourceType":"module","hash":"68e1818c32515075a2b5f547955537dae6a61174"}
