{"metadata":{},"options":{"compact":false,"sourceMaps":true,"ast":true,"babelrc":false,"configFile":false,"parserOpts":{"sourceType":"module","sourceFileName":"/home/ney/meteor/cadastro/imports/ui/Info.jsx","plugins":["*","flow","jsx","asyncGenerators","bigInt","classPrivateMethods","classPrivateProperties","classProperties","doExpressions","dynamicImport","exportDefaultFrom","exportExtensions","exportNamespaceFrom","functionBind","functionSent","importMeta","nullishCoalescingOperator","numericSeparator","objectRestSpread","optionalCatchBinding","optionalChaining",["pipelineOperator",{"proposal":"minimal"}],"throwExpressions","classProperties","classPrivateProperties","jsx","nullishCoalescingOperator","nullishCoalescingOperator","optionalChaining","optionalChaining","optionalCatchBinding","optionalCatchBinding","classProperties","classPrivateProperties","classPrivateMethods","classProperties","classPrivateProperties","asyncGenerators","asyncGenerators","objectRestSpread","objectRestSpread"],"allowImportExportEverywhere":true,"allowReturnOutsideFunction":true,"allowUndeclaredExports":true,"strictMode":false},"caller":{"name":"meteor","arch":"web.browser"},"sourceFileName":"imports/ui/Info.jsx","filename":"/home/ney/meteor/cadastro/imports/ui/Info.jsx","inputSourceMap":{"version":3,"sources":["imports/ui/Info.jsx"],"names":["React","useTracker","LinksCollection","Info","links","find","fetch","map","link","_id","url","title"],"mappings":";;AAAA,OAAOA,KAAP,MAAkB,OAAlB;AACA,SAASC,UAAT,QAA2B,0BAA3B;AACA,SAASC,eAAT,QAAgC,cAAhC;AAEA,OAAO,MAAMC,IAAI,GAAG,MAAM;AAAA;;AACxB,QAAMC,KAAK,GAAGH,UAAU,CAAC,MAAM;AAC7B,WAAOC,eAAe,CAACG,IAAhB,GAAuBC,KAAvB,EAAP;AACD,GAFuB,CAAxB;AAIA,SACE,CAAC,GAAD;AACJ,MAAM,CAAC,EAAD,CAAI,aAAa,EAAE,EAAF;AACvB,MAAM,CAAC,EAAD,CAAI,CAACF,KAAK,CAACG,GAAN,CACHC,IAAI,IAAI,CAAC,EAAD,CAAI,IAAI,CAACA,IAAI,CAACC,GAAN,CAAR;AAChB,UAAU,CAAC,CAAD,CAAG,KAAK,CAACD,IAAI,CAACE,GAAN,CAAR,CAAmB,OAAO,QAA1B,CAAmC,CAACF,IAAI,CAACG,KAAN,CAAY,EAAE,CAAF;AACzD,QAAQ,EAAE,EAAF,CAHG,CAAD,CAIF,EAAE,EAAF;AACR,IAAI,EAAE,GAAF,CARF;AAUD,CAfM;;GAAMR,I;UACGF,U;;;KADHE,I","sourcesContent":["import React from 'react';\nimport { useTracker } from 'meteor/react-meteor-data';\nimport { LinksCollection } from '../api/links';\n\nexport const Info = () => {\n  const links = useTracker(() => {\n    return LinksCollection.find().fetch();\n  });\n\n  return (\n    <div>\n      <h2>Learn Meteor!</h2>\n      <ul>{links.map(\n        link => <li key={link._id}>\n          <a href={link.url} target=\"_blank\">{link.title}</a>\n        </li>\n      )}</ul>\n    </div>\n  );\n};\n"]},"cloneInputAst":true,"passPerPreset":false,"envName":"development","cwd":"/home/ney/meteor/cadastro","root":"/home/ney/meteor/cadastro","plugins":[{"key":"base$0","visitor":{"_exploded":true,"_verified":true},"options":{}},{"key":"base$0$0","visitor":{"Program":{"enter":[null],"exit":[null]},"_exploded":true,"_verified":true},"options":{"avoidModernSyntax":false,"enforceStrictMode":false,"dynamicImport":true,"generateLetDeclarations":true}},{"key":"transform-runtime","visitor":{"CallExpression":{"enter":[null]},"BinaryExpression":{"enter":[null]},"MemberExpression":{"enter":[null],"exit":[null]},"_exploded":true,"_verified":true,"Identifier":{"enter":[null]},"JSXIdentifier":{"enter":[null]}},"options":{"version":"7.12.5","helpers":true,"useESModules":false,"corejs":false}},{"key":"proposal-class-properties","visitor":{"PrivateName":{"enter":[null]},"ExportDefaultDeclaration":{"enter":[null]},"_exploded":true,"_verified":true,"ClassExpression":{"enter":[null]},"ClassDeclaration":{"enter":[null]}},"options":{"loose":true}},{"key":"transform-react-jsx","visitor":{"_exploded":{},"_verified":{},"JSXNamespacedName":{"enter":[null]},"JSXSpreadChild":{"enter":[null]},"Program":{"enter":[null]},"JSXElement":{"exit":[null]},"JSXFragment":{"exit":[null]},"JSXAttribute":{"enter":[null]}},"options":{"pragma":"React.createElement","pragmaFrag":"React.Fragment","runtime":"classic","throwIfNamespace":true,"useBuiltIns":false}},{"key":"transform-react-display-name","visitor":{"ExportDefaultDeclaration":{"enter":[null]},"CallExpression":{"enter":[null]},"_exploded":true,"_verified":true},"options":{}},{"key":"transform-react-pure-annotations","visitor":{"CallExpression":{"enter":[null]},"_exploded":true,"_verified":true},"options":{}},{"key":"syntax-nullish-coalescing-operator","visitor":{"_exploded":true,"_verified":true},"options":{}},{"key":"proposal-nullish-coalescing-operator","visitor":{"_exploded":{},"_verified":{},"LogicalExpression":{"enter":[null]}},"options":{}},{"key":"syntax-optional-chaining","visitor":{"_exploded":true,"_verified":true},"options":{}},{"key":"proposal-optional-chaining","visitor":{"_exploded":{},"_verified":{},"OptionalCallExpression":{"enter":[null]},"OptionalMemberExpression":{"enter":[null]}},"options":{}},{"key":"syntax-optional-catch-binding","visitor":{"_exploded":true,"_verified":true},"options":{}},{"key":"proposal-optional-catch-binding","visitor":{"_exploded":{},"_verified":{},"CatchClause":{"enter":[null]}},"options":{}},{"key":"syntax-class-properties","visitor":{"_exploded":true,"_verified":true},"options":{}},{"key":"proposal-class-properties","visitor":{"PrivateName":{"enter":[null]},"ExportDefaultDeclaration":{"enter":[null]},"_exploded":true,"_verified":true,"ClassExpression":{"enter":[null]},"ClassDeclaration":{"enter":[null]}},"options":{}},{"key":"syntax-async-generators","visitor":{"_exploded":true,"_verified":true},"options":{}},{"key":"proposal-async-generator-functions","visitor":{"_exploded":{},"_verified":{},"Program":{"enter":[null]}},"options":{}},{"key":"syntax-object-rest-spread","visitor":{"_exploded":true,"_verified":true},"options":{}},{"key":"proposal-object-rest-spread","visitor":{"_exploded":{},"_verified":{},"VariableDeclarator":{"enter":[null]},"ExportNamedDeclaration":{"enter":[null]},"CatchClause":{"enter":[null]},"AssignmentExpression":{"enter":[null]},"ArrayPattern":{"enter":[null]},"ObjectExpression":{"enter":[null]},"FunctionDeclaration":{"enter":[null]},"FunctionExpression":{"enter":[null]},"ObjectMethod":{"enter":[null]},"ArrowFunctionExpression":{"enter":[null]},"ClassMethod":{"enter":[null]},"ClassPrivateMethod":{"enter":[null]},"ForInStatement":{"enter":[null]},"ForOfStatement":{"enter":[null]}},"options":{}},{"key":"transform-literals","visitor":{"NumericLiteral":{"enter":[null]},"StringLiteral":{"enter":[null]},"_exploded":true,"_verified":true},"options":{}},{"key":"transform-template-literals","visitor":{"TaggedTemplateExpression":{"enter":[null]},"TemplateLiteral":{"enter":[null]},"_exploded":true,"_verified":true},"options":{}},{"key":"transform-parameters","visitor":{"_exploded":true,"_verified":true,"FunctionDeclaration":{"enter":[null]},"FunctionExpression":{"enter":[null]},"ObjectMethod":{"enter":[null]},"ArrowFunctionExpression":{"enter":[null]},"ClassMethod":{"enter":[null]},"ClassPrivateMethod":{"enter":[null]}},"options":{}},{"key":"transform-exponentiation-operator","visitor":{"AssignmentExpression":{"enter":[null]},"BinaryExpression":{"enter":[null]},"_exploded":true,"_verified":true},"options":{}}],"presets":[],"generatorOpts":{"filename":"/home/ney/meteor/cadastro/imports/ui/Info.jsx","comments":true,"compact":false,"sourceMaps":true,"sourceFileName":"imports/ui/Info.jsx"}},"code":"module.export({\n  Info: () => Info\n});\nlet React;\nmodule.link(\"react\", {\n  default(v) {\n    React = v;\n  }\n\n}, 0);\nlet useTracker;\nmodule.link(\"meteor/react-meteor-data\", {\n  useTracker(v) {\n    useTracker = v;\n  }\n\n}, 1);\nlet LinksCollection;\nmodule.link(\"../api/links\", {\n  LinksCollection(v) {\n    LinksCollection = v;\n  }\n\n}, 2);\n\nvar _s = $RefreshSig$();\n\nconst Info = () => {\n  _s();\n\n  const links = useTracker(() => {\n    return LinksCollection.find().fetch();\n  });\n  return /*#__PURE__*/React.createElement(\"div\", null, /*#__PURE__*/React.createElement(\"h2\", null, \"Learn Meteor!\"), /*#__PURE__*/React.createElement(\"ul\", null, links.map(link => /*#__PURE__*/React.createElement(\"li\", {\n    key: link._id\n  }, /*#__PURE__*/React.createElement(\"a\", {\n    href: link.url,\n    target: \"_blank\"\n  }, link.title)))));\n};\n\n_s(Info, \"rGQygWYQggJDG8JSn2IZMOzYg/E=\", false, function () {\n  return [useTracker];\n});\n\n_c = Info;\n\nvar _c;\n\n$RefreshReg$(_c, \"Info\");","map":{"version":3,"sources":["imports/ui/Info.jsx"],"names":["Info","links","useTracker","LinksCollection","link"],"mappings":";;;;;;;;;;;;;;;;;;;;;;;;;;;AAIO,MAAMA,IAAI,GAAG,MAAM;AAAA,EAAA,EAAA;;AACxB,QAAMC,KAAK,GAAGC,UAAU,CAAC,MAAM;AAC7B,WAAOC,eAAe,CAAfA,IAAAA,GAAP,KAAOA,EAAP;AADF,GAAwB,CAAxB;AAIA,sBACE,8CACE,gDADF,eAEE,gCAAKF,KAAK,CAALA,GAAAA,CACHG,IAAI,iBAAI;AAAI,IAAA,GAAA,EAAKA,IAAI,CAAb;AAAA,kBACN;AAAG,IAAA,IAAA,EAAMA,IAAI,CAAb,GAAA;AAAmB,IAAA,MAAA,EAAnB;AAAA,KAAoCA,IAAI,CAAL,KAAnC,CADM,CADLH,CAAL,CAFF,CADF;AALK,CAAA;;GAAMD,I;UACGE,U;;;KADHF,I","sourcesContent":["import React from 'react';\nimport { useTracker } from 'meteor/react-meteor-data';\nimport { LinksCollection } from '../api/links';\n\nexport const Info = () => {\n  const links = useTracker(() => {\n    return LinksCollection.find().fetch();\n  });\n\n  return (\n    <div>\n      <h2>Learn Meteor!</h2>\n      <ul>{links.map(\n        link => <li key={link._id}>\n          <a href={link.url} target=\"_blank\">{link.title}</a>\n        </li>\n      )}</ul>\n    </div>\n  );\n};\n"]},"sourceType":"module","hash":"85d36e225bb1108126960b6d8ad9f069d58587fe"}
