{"metadata":{},"options":{"compact":false,"sourceMaps":true,"ast":true,"babelrc":false,"configFile":false,"parserOpts":{"sourceType":"module","sourceFileName":"/home/ney/meteor/cadastro/imports/ui/App.jsx","plugins":["*","flow","jsx","asyncGenerators","bigInt","classPrivateMethods","classPrivateProperties","classProperties","doExpressions","dynamicImport","exportDefaultFrom","exportExtensions","exportNamespaceFrom","functionBind","functionSent","importMeta","nullishCoalescingOperator","numericSeparator","objectRestSpread","optionalCatchBinding","optionalChaining",["pipelineOperator",{"proposal":"minimal"}],"throwExpressions","classProperties","classPrivateProperties","jsx","nullishCoalescingOperator","nullishCoalescingOperator","optionalChaining","optionalChaining","optionalCatchBinding","optionalCatchBinding","classProperties","classPrivateProperties","classPrivateMethods","classProperties","classPrivateProperties","asyncGenerators","asyncGenerators","objectRestSpread","objectRestSpread"],"allowImportExportEverywhere":true,"allowReturnOutsideFunction":true,"allowUndeclaredExports":true,"strictMode":false},"caller":{"name":"meteor","arch":"web.browser"},"sourceFileName":"imports/ui/App.jsx","filename":"/home/ney/meteor/cadastro/imports/ui/App.jsx","inputSourceMap":{"version":3,"sources":["imports/ui/App.jsx"],"names":["React","Hello","Info","App"],"mappings":"AAAA,OAAOA,KAAP,MAAkB,OAAlB;AACA,SAASC,KAAT,QAAsB,aAAtB;AACA,SAASC,IAAT,QAAqB,YAArB;AAEA,OAAO,MAAMC,GAAG,GAAG,MACjB,CAAC,GAAD;AACF,IAAI,CAAC,EAAD,CAAI,kBAAkB,EAAE,EAAF;AAC1B,IAAI,CAAC,KAAD;AACJ,IAAI,CAAC,IAAD;AACJ,EAAE,EAAE,GAAF,CALK;KAAMA,G","sourcesContent":["import React from 'react';\nimport { Hello } from './Hello.jsx';\nimport { Info } from './Info.jsx';\n\nexport const App = () => (\n  <div>\n    <h1>Welcome to Meteor!</h1>\n    <Hello/>\n    <Info/>\n  </div>\n);\n"]},"cloneInputAst":true,"passPerPreset":false,"envName":"development","cwd":"/home/ney/meteor/cadastro","root":"/home/ney/meteor/cadastro","plugins":[{"key":"base$0","visitor":{"_exploded":true,"_verified":true},"options":{}},{"key":"base$0$0","visitor":{"Program":{"enter":[null],"exit":[null]},"_exploded":true,"_verified":true},"options":{"avoidModernSyntax":false,"enforceStrictMode":false,"dynamicImport":true,"generateLetDeclarations":true}},{"key":"transform-runtime","visitor":{"CallExpression":{"enter":[null]},"BinaryExpression":{"enter":[null]},"MemberExpression":{"enter":[null],"exit":[null]},"_exploded":true,"_verified":true,"Identifier":{"enter":[null]},"JSXIdentifier":{"enter":[null]}},"options":{"version":"7.12.5","helpers":true,"useESModules":false,"corejs":false}},{"key":"proposal-class-properties","visitor":{"PrivateName":{"enter":[null]},"ExportDefaultDeclaration":{"enter":[null]},"_exploded":true,"_verified":true,"ClassExpression":{"enter":[null]},"ClassDeclaration":{"enter":[null]}},"options":{"loose":true}},{"key":"transform-react-jsx","visitor":{"_exploded":{},"_verified":{},"JSXNamespacedName":{"enter":[null]},"JSXSpreadChild":{"enter":[null]},"Program":{"enter":[null]},"JSXElement":{"exit":[null]},"JSXFragment":{"exit":[null]},"JSXAttribute":{"enter":[null]}},"options":{"pragma":"React.createElement","pragmaFrag":"React.Fragment","runtime":"classic","throwIfNamespace":true,"useBuiltIns":false}},{"key":"transform-react-display-name","visitor":{"ExportDefaultDeclaration":{"enter":[null]},"CallExpression":{"enter":[null]},"_exploded":true,"_verified":true},"options":{}},{"key":"transform-react-pure-annotations","visitor":{"CallExpression":{"enter":[null]},"_exploded":true,"_verified":true},"options":{}},{"key":"syntax-nullish-coalescing-operator","visitor":{"_exploded":true,"_verified":true},"options":{}},{"key":"proposal-nullish-coalescing-operator","visitor":{"_exploded":{},"_verified":{},"LogicalExpression":{"enter":[null]}},"options":{}},{"key":"syntax-optional-chaining","visitor":{"_exploded":true,"_verified":true},"options":{}},{"key":"proposal-optional-chaining","visitor":{"_exploded":{},"_verified":{},"OptionalCallExpression":{"enter":[null]},"OptionalMemberExpression":{"enter":[null]}},"options":{}},{"key":"syntax-optional-catch-binding","visitor":{"_exploded":true,"_verified":true},"options":{}},{"key":"proposal-optional-catch-binding","visitor":{"_exploded":{},"_verified":{},"CatchClause":{"enter":[null]}},"options":{}},{"key":"syntax-class-properties","visitor":{"_exploded":true,"_verified":true},"options":{}},{"key":"proposal-class-properties","visitor":{"PrivateName":{"enter":[null]},"ExportDefaultDeclaration":{"enter":[null]},"_exploded":true,"_verified":true,"ClassExpression":{"enter":[null]},"ClassDeclaration":{"enter":[null]}},"options":{}},{"key":"syntax-async-generators","visitor":{"_exploded":true,"_verified":true},"options":{}},{"key":"proposal-async-generator-functions","visitor":{"_exploded":{},"_verified":{},"Program":{"enter":[null]}},"options":{}},{"key":"syntax-object-rest-spread","visitor":{"_exploded":true,"_verified":true},"options":{}},{"key":"proposal-object-rest-spread","visitor":{"_exploded":{},"_verified":{},"VariableDeclarator":{"enter":[null]},"ExportNamedDeclaration":{"enter":[null]},"CatchClause":{"enter":[null]},"AssignmentExpression":{"enter":[null]},"ArrayPattern":{"enter":[null]},"ObjectExpression":{"enter":[null]},"FunctionDeclaration":{"enter":[null]},"FunctionExpression":{"enter":[null]},"ObjectMethod":{"enter":[null]},"ArrowFunctionExpression":{"enter":[null]},"ClassMethod":{"enter":[null]},"ClassPrivateMethod":{"enter":[null]},"ForInStatement":{"enter":[null]},"ForOfStatement":{"enter":[null]}},"options":{}},{"key":"transform-literals","visitor":{"NumericLiteral":{"enter":[null]},"StringLiteral":{"enter":[null]},"_exploded":true,"_verified":true},"options":{}},{"key":"transform-template-literals","visitor":{"TaggedTemplateExpression":{"enter":[null]},"TemplateLiteral":{"enter":[null]},"_exploded":true,"_verified":true},"options":{}},{"key":"transform-parameters","visitor":{"_exploded":true,"_verified":true,"FunctionDeclaration":{"enter":[null]},"FunctionExpression":{"enter":[null]},"ObjectMethod":{"enter":[null]},"ArrowFunctionExpression":{"enter":[null]},"ClassMethod":{"enter":[null]},"ClassPrivateMethod":{"enter":[null]}},"options":{}},{"key":"transform-exponentiation-operator","visitor":{"AssignmentExpression":{"enter":[null]},"BinaryExpression":{"enter":[null]},"_exploded":true,"_verified":true},"options":{}}],"presets":[],"generatorOpts":{"filename":"/home/ney/meteor/cadastro/imports/ui/App.jsx","comments":true,"compact":false,"sourceMaps":true,"sourceFileName":"imports/ui/App.jsx"}},"code":"module.export({\n  App: () => App\n});\nlet React;\nmodule.link(\"react\", {\n  default(v) {\n    React = v;\n  }\n\n}, 0);\nlet Hello;\nmodule.link(\"./Hello.jsx\", {\n  Hello(v) {\n    Hello = v;\n  }\n\n}, 1);\nlet Info;\nmodule.link(\"./Info.jsx\", {\n  Info(v) {\n    Info = v;\n  }\n\n}, 2);\n\nconst App = () => /*#__PURE__*/React.createElement(\"div\", null, /*#__PURE__*/React.createElement(\"h1\", null, \"Welcome to Meteor!\"), /*#__PURE__*/React.createElement(Hello, null), /*#__PURE__*/React.createElement(Info, null));\n\n_c = App;\n\nvar _c;\n\n$RefreshReg$(_c, \"App\");","map":{"version":3,"sources":["imports/ui/App.jsx"],"names":["App"],"mappings":"AAAA,MAAA,CAAA,MAAA,CAAA;AAAA,EAAA,GAAkB,EAAA,MAAlB;AAAA,CAAA;AAAA,IAAA,KAAA;AAAA,MAAA,CAAA,IAAA,CAAA,OAAA,EAAA;AAAA,EAAA,OAAA,CAAA,CAAA,EAAA;AAAA,IAAA,KAAA,GAAA,CAAA;AAAA;;AAAA,CAAA,EAAA,CAAA;AAAA,IAAA,KAAA;AAAA,MAAA,CAAA,IAAA,CAAA,aAAA,EAAA;AAAA,EAAA,KAAA,CAAA,CAAA,EAAA;AAAA,IAAA,KAAA,GAAA,CAAA;AAAA;;AAAA,CAAA,EAAA,CAAA;AAAA,IAAA,IAAA;AAAA,MAAA,CAAA,IAAA,CAAA,YAAA,EAAA;AAAA,EAAA,IAAA,CAAA,CAAA,EAAA;AAAA,IAAA,IAAA,GAAA,CAAA;AAAA;;AAAA,CAAA,EAAA,CAAA;;AAIO,MAAMA,GAAG,GAAG,mBACjB,8CACE,qDADF,eAEE,oBAAA,KAAA,OAFF,eAGE,oBAAA,IAAA,OAHF,CADK;;KAAMA,G","sourcesContent":["import React from 'react';\nimport { Hello } from './Hello.jsx';\nimport { Info } from './Info.jsx';\n\nexport const App = () => (\n  <div>\n    <h1>Welcome to Meteor!</h1>\n    <Hello/>\n    <Info/>\n  </div>\n);\n"]},"sourceType":"module","hash":"8a0888477a2f5ca45d0be1f497ebdf671a2cde2a"}
