{"metadata":{},"options":{"compact":false,"sourceMaps":true,"ast":true,"babelrc":false,"configFile":false,"parserOpts":{"sourceType":"module","sourceFileName":"/home/ney/meteor/cadastro/packages/ddp-client/common/namespace.js","plugins":["*","flow","jsx","asyncGenerators","bigInt","classPrivateMethods","classPrivateProperties","classProperties","doExpressions","dynamicImport","exportDefaultFrom","exportExtensions","exportNamespaceFrom","functionBind","functionSent","importMeta","nullishCoalescingOperator","numericSeparator","objectRestSpread","optionalCatchBinding","optionalChaining",["pipelineOperator",{"proposal":"minimal"}],"throwExpressions","objectRestSpread","objectRestSpread","asyncGenerators","classProperties","classPrivateProperties","jsx","nullishCoalescingOperator","nullishCoalescingOperator","optionalChaining","optionalChaining","optionalCatchBinding","optionalCatchBinding","classProperties","classPrivateProperties","classPrivateMethods","classProperties","classPrivateProperties","asyncGenerators","asyncGenerators","objectRestSpread","objectRestSpread"],"allowImportExportEverywhere":true,"allowReturnOutsideFunction":true,"allowUndeclaredExports":true,"strictMode":false},"caller":{"name":"meteor","arch":"os.linux.x86_64"},"sourceFileName":"packages/ddp-client/common/namespace.js","filename":"/home/ney/meteor/cadastro/packages/ddp-client/common/namespace.js","cloneInputAst":true,"passPerPreset":false,"envName":"development","cwd":"/home/ney/meteor/cadastro","root":"/home/ney/meteor/cadastro","plugins":[{"key":"base$0","visitor":{"_exploded":true,"_verified":true},"options":{}},{"key":"base$0$0","visitor":{"Program":{"enter":[null],"exit":[null]},"_exploded":true,"_verified":true},"options":{"avoidModernSyntax":false,"enforceStrictMode":false,"dynamicImport":true,"generateLetDeclarations":true}},{"key":"transform-runtime","visitor":{"CallExpression":{"enter":[null]},"BinaryExpression":{"enter":[null]},"MemberExpression":{"enter":[null],"exit":[null]},"_exploded":true,"_verified":true,"Identifier":{"enter":[null]},"JSXIdentifier":{"enter":[null]}},"options":{"version":"7.12.5","helpers":true,"useESModules":false,"corejs":false}},{"key":"syntax-object-rest-spread","visitor":{"_exploded":true,"_verified":true},"options":{}},{"key":"proposal-object-rest-spread","visitor":{"_exploded":{},"_verified":{},"VariableDeclarator":{"enter":[null]},"ExportNamedDeclaration":{"enter":[null]},"CatchClause":{"enter":[null]},"AssignmentExpression":{"enter":[null]},"ArrayPattern":{"enter":[null]},"ObjectExpression":{"enter":[null]},"FunctionDeclaration":{"enter":[null]},"FunctionExpression":{"enter":[null]},"ObjectMethod":{"enter":[null]},"ArrowFunctionExpression":{"enter":[null]},"ClassMethod":{"enter":[null]},"ClassPrivateMethod":{"enter":[null]},"ForInStatement":{"enter":[null]},"ForOfStatement":{"enter":[null]}},"options":{}},{"key":"transform-meteor-async-await","visitor":{"AwaitExpression":{"enter":[null]},"_exploded":true,"_verified":true,"FunctionDeclaration":{"exit":[null]},"FunctionExpression":{"exit":[null]},"ObjectMethod":{"exit":[null]},"ArrowFunctionExpression":{"exit":[null]},"ClassMethod":{"exit":[null]},"ClassPrivateMethod":{"exit":[null]}},"options":{"useNativeAsyncAwait":false}},{"key":"proposal-async-generator-functions","visitor":{"_exploded":{},"_verified":{},"Program":{"enter":[null]}},"options":{}},{"key":"proposal-class-properties","visitor":{"PrivateName":{"enter":[null]},"ExportDefaultDeclaration":{"enter":[null]},"_exploded":true,"_verified":true,"ClassExpression":{"enter":[null]},"ClassDeclaration":{"enter":[null]}},"options":{"loose":true}},{"key":"transform-react-jsx","visitor":{"_exploded":{},"_verified":{},"JSXNamespacedName":{"enter":[null]},"JSXSpreadChild":{"enter":[null]},"Program":{"enter":[null]},"JSXElement":{"exit":[null]},"JSXFragment":{"exit":[null]},"JSXAttribute":{"enter":[null]}},"options":{"pragma":"React.createElement","pragmaFrag":"React.Fragment","runtime":"classic","throwIfNamespace":true,"useBuiltIns":false}},{"key":"transform-react-display-name","visitor":{"ExportDefaultDeclaration":{"enter":[null]},"CallExpression":{"enter":[null]},"_exploded":true,"_verified":true},"options":{}},{"key":"transform-react-pure-annotations","visitor":{"CallExpression":{"enter":[null]},"_exploded":true,"_verified":true},"options":{}},{"key":"syntax-nullish-coalescing-operator","visitor":{"_exploded":true,"_verified":true},"options":{}},{"key":"proposal-nullish-coalescing-operator","visitor":{"_exploded":{},"_verified":{},"LogicalExpression":{"enter":[null]}},"options":{}},{"key":"syntax-optional-chaining","visitor":{"_exploded":true,"_verified":true},"options":{}},{"key":"proposal-optional-chaining","visitor":{"_exploded":{},"_verified":{},"OptionalCallExpression":{"enter":[null]},"OptionalMemberExpression":{"enter":[null]}},"options":{}},{"key":"syntax-optional-catch-binding","visitor":{"_exploded":true,"_verified":true},"options":{}},{"key":"proposal-optional-catch-binding","visitor":{"_exploded":{},"_verified":{},"CatchClause":{"enter":[null]}},"options":{}},{"key":"syntax-class-properties","visitor":{"_exploded":true,"_verified":true},"options":{}},{"key":"proposal-class-properties","visitor":{"PrivateName":{"enter":[null]},"ExportDefaultDeclaration":{"enter":[null]},"_exploded":true,"_verified":true,"ClassExpression":{"enter":[null]},"ClassDeclaration":{"enter":[null]}},"options":{}},{"key":"syntax-async-generators","visitor":{"_exploded":true,"_verified":true},"options":{}},{"key":"proposal-async-generator-functions","visitor":{"_exploded":{},"_verified":{},"Program":{"enter":[null]}},"options":{}},{"key":"syntax-object-rest-spread","visitor":{"_exploded":true,"_verified":true},"options":{}},{"key":"proposal-object-rest-spread","visitor":{"_exploded":{},"_verified":{},"VariableDeclarator":{"enter":[null]},"ExportNamedDeclaration":{"enter":[null]},"CatchClause":{"enter":[null]},"AssignmentExpression":{"enter":[null]},"ArrayPattern":{"enter":[null]},"ObjectExpression":{"enter":[null]},"FunctionDeclaration":{"enter":[null]},"FunctionExpression":{"enter":[null]},"ObjectMethod":{"enter":[null]},"ArrowFunctionExpression":{"enter":[null]},"ClassMethod":{"enter":[null]},"ClassPrivateMethod":{"enter":[null]},"ForInStatement":{"enter":[null]},"ForOfStatement":{"enter":[null]}},"options":{}},{"key":"transform-literals","visitor":{"NumericLiteral":{"enter":[null]},"StringLiteral":{"enter":[null]},"_exploded":true,"_verified":true},"options":{}},{"key":"transform-template-literals","visitor":{"TaggedTemplateExpression":{"enter":[null]},"TemplateLiteral":{"enter":[null]},"_exploded":true,"_verified":true},"options":{}},{"key":"transform-parameters","visitor":{"_exploded":true,"_verified":true,"FunctionDeclaration":{"enter":[null]},"FunctionExpression":{"enter":[null]},"ObjectMethod":{"enter":[null]},"ArrowFunctionExpression":{"enter":[null]},"ClassMethod":{"enter":[null]},"ClassPrivateMethod":{"enter":[null]}},"options":{}},{"key":"transform-exponentiation-operator","visitor":{"AssignmentExpression":{"enter":[null]},"BinaryExpression":{"enter":[null]},"_exploded":true,"_verified":true},"options":{}}],"presets":[],"generatorOpts":{"filename":"/home/ney/meteor/cadastro/packages/ddp-client/common/namespace.js","comments":true,"compact":false,"sourceMaps":true,"sourceFileName":"packages/ddp-client/common/namespace.js"}},"code":"module.export({\n  DDP: () => DDP\n});\nlet DDPCommon;\nmodule.link(\"meteor/ddp-common\", {\n  DDPCommon(v) {\n    DDPCommon = v;\n  }\n\n}, 0);\nlet Meteor;\nmodule.link(\"meteor/meteor\", {\n  Meteor(v) {\n    Meteor = v;\n  }\n\n}, 1);\nlet keys;\nmodule.link(\"meteor/ddp-common/utils.js\", {\n  keys(v) {\n    keys = v;\n  }\n\n}, 2);\nlet Connection;\nmodule.link(\"./livedata_connection.js\", {\n  Connection(v) {\n    Connection = v;\n  }\n\n}, 3);\n// This array allows the `_allSubscriptionsReady` method below, which\n// is used by the `spiderable` package, to keep track of whether all\n// data is ready.\nconst allConnections = [];\n/**\n * @namespace DDP\n * @summary Namespace for DDP-related methods/classes.\n */\n\nconst DDP = {};\n// This is private but it's used in a few places. accounts-base uses\n// it to get the current user. Meteor.setTimeout and friends clear\n// it. We can probably find a better way to factor this.\nDDP._CurrentMethodInvocation = new Meteor.EnvironmentVariable();\nDDP._CurrentPublicationInvocation = new Meteor.EnvironmentVariable(); // XXX: Keep DDP._CurrentInvocation for backwards-compatibility.\n\nDDP._CurrentInvocation = DDP._CurrentMethodInvocation; // This is passed into a weird `makeErrorType` function that expects its thing\n// to be a constructor\n\nfunction connectionErrorConstructor(message) {\n  this.message = message;\n}\n\nDDP.ConnectionError = Meteor.makeErrorType('DDP.ConnectionError', connectionErrorConstructor);\nDDP.ForcedReconnectError = Meteor.makeErrorType('DDP.ForcedReconnectError', () => {}); // Returns the named sequence of pseudo-random values.\n// The scope will be DDP._CurrentMethodInvocation.get(), so the stream will produce\n// consistent values for method calls on the client and server.\n\nDDP.randomStream = name => {\n  const scope = DDP._CurrentMethodInvocation.get();\n\n  return DDPCommon.RandomStream.get(scope, name);\n}; // @param url {String} URL to Meteor app,\n//     e.g.:\n//     \"subdomain.meteor.com\",\n//     \"http://subdomain.meteor.com\",\n//     \"/\",\n//     \"ddp+sockjs://ddp--****-foo.meteor.com/sockjs\"\n\n/**\n * @summary Connect to the server of a different Meteor application to subscribe to its document sets and invoke its remote methods.\n * @locus Anywhere\n * @param {String} url The URL of another Meteor application.\n */\n\n\nDDP.connect = (url, options) => {\n  const ret = new Connection(url, options);\n  allConnections.push(ret); // hack. see below.\n\n  return ret;\n};\n\nDDP._reconnectHook = new Hook({\n  bindEnvironment: false\n});\n/**\n * @summary Register a function to call as the first step of\n * reconnecting. This function can call methods which will be executed before\n * any other outstanding methods. For example, this can be used to re-establish\n * the appropriate authentication context on the connection.\n * @locus Anywhere\n * @param {Function} callback The function to call. It will be called with a\n * single argument, the [connection object](#ddp_connect) that is reconnecting.\n */\n\nDDP.onReconnect = callback => DDP._reconnectHook.register(callback); // Hack for `spiderable` package: a way to see if the page is done\n// loading all the data it needs.\n//\n\n\nDDP._allSubscriptionsReady = () => allConnections.every(conn => Object.values(conn._subscriptions).every(sub => sub.ready));","map":{"version":3,"sources":["packages/ddp-client/common/namespace.js"],"names":["module","export","DDP","DDPCommon","link","v","Meteor","keys","Connection","allConnections","_CurrentMethodInvocation","EnvironmentVariable","_CurrentPublicationInvocation","_CurrentInvocation","connectionErrorConstructor","message","ConnectionError","makeErrorType","ForcedReconnectError","randomStream","name","scope","get","RandomStream","connect","url","options","ret","push","_reconnectHook","Hook","bindEnvironment","onReconnect","callback","register","_allSubscriptionsReady","every","conn","Object","values","_subscriptions","sub","ready"],"mappings":"AAAAA,MAAM,CAACC,MAAP,CAAc;AAACC,EAAAA,GAAG,EAAC,MAAIA;AAAT,CAAd;AAA6B,IAAIC,SAAJ;AAAcH,MAAM,CAACI,IAAP,CAAY,mBAAZ,EAAgC;AAACD,EAAAA,SAAS,CAACE,CAAD,EAAG;AAACF,IAAAA,SAAS,GAACE,CAAV;AAAY;;AAA1B,CAAhC,EAA4D,CAA5D;AAA+D,IAAIC,MAAJ;AAAWN,MAAM,CAACI,IAAP,CAAY,eAAZ,EAA4B;AAACE,EAAAA,MAAM,CAACD,CAAD,EAAG;AAACC,IAAAA,MAAM,GAACD,CAAP;AAAS;;AAApB,CAA5B,EAAkD,CAAlD;AAAqD,IAAIE,IAAJ;AAASP,MAAM,CAACI,IAAP,CAAY,4BAAZ,EAAyC;AAACG,EAAAA,IAAI,CAACF,CAAD,EAAG;AAACE,IAAAA,IAAI,GAACF,CAAL;AAAO;;AAAhB,CAAzC,EAA2D,CAA3D;AAA8D,IAAIG,UAAJ;AAAeR,MAAM,CAACI,IAAP,CAAY,0BAAZ,EAAuC;AAACI,EAAAA,UAAU,CAACH,CAAD,EAAG;AAACG,IAAAA,UAAU,GAACH,CAAX;AAAa;;AAA5B,CAAvC,EAAqE,CAArE;AAMhQ;AACA;AACA;AACA,MAAMI,cAAc,GAAG,EAAvB;AAEA;AACA;AACA;AACA;;AACO,MAAMP,GAAG,GAAG,EAAZ;AAEP;AACA;AACA;AACAA,GAAG,CAACQ,wBAAJ,GAA+B,IAAIJ,MAAM,CAACK,mBAAX,EAA/B;AACAT,GAAG,CAACU,6BAAJ,GAAoC,IAAIN,MAAM,CAACK,mBAAX,EAApC,C,CAEA;;AACAT,GAAG,CAACW,kBAAJ,GAAyBX,GAAG,CAACQ,wBAA7B,C,CAEA;AACA;;AACA,SAASI,0BAAT,CAAoCC,OAApC,EAA6C;AAC3C,OAAKA,OAAL,GAAeA,OAAf;AACD;;AAEDb,GAAG,CAACc,eAAJ,GAAsBV,MAAM,CAACW,aAAP,CACpB,qBADoB,EAEpBH,0BAFoB,CAAtB;AAKAZ,GAAG,CAACgB,oBAAJ,GAA2BZ,MAAM,CAACW,aAAP,CACzB,0BADyB,EAEzB,MAAM,CAAE,CAFiB,CAA3B,C,CAKA;AACA;AACA;;AACAf,GAAG,CAACiB,YAAJ,GAAmBC,IAAI,IAAI;AACzB,QAAMC,KAAK,GAAGnB,GAAG,CAACQ,wBAAJ,CAA6BY,GAA7B,EAAd;;AACA,SAAOnB,SAAS,CAACoB,YAAV,CAAuBD,GAAvB,CAA2BD,KAA3B,EAAkCD,IAAlC,CAAP;AACD,CAHD,C,CAKA;AACA;AACA;AACA;AACA;AACA;;AAEA;AACA;AACA;AACA;AACA;;;AACAlB,GAAG,CAACsB,OAAJ,GAAc,CAACC,GAAD,EAAMC,OAAN,KAAkB;AAC9B,QAAMC,GAAG,GAAG,IAAInB,UAAJ,CAAeiB,GAAf,EAAoBC,OAApB,CAAZ;AACAjB,EAAAA,cAAc,CAACmB,IAAf,CAAoBD,GAApB,EAF8B,CAEJ;;AAC1B,SAAOA,GAAP;AACD,CAJD;;AAMAzB,GAAG,CAAC2B,cAAJ,GAAqB,IAAIC,IAAJ,CAAS;AAAEC,EAAAA,eAAe,EAAE;AAAnB,CAAT,CAArB;AAEA;AACA;AACA;AACA;AACA;AACA;AACA;AACA;AACA;;AACA7B,GAAG,CAAC8B,WAAJ,GAAkBC,QAAQ,IAAI/B,GAAG,CAAC2B,cAAJ,CAAmBK,QAAnB,CAA4BD,QAA5B,CAA9B,C,CAEA;AACA;AACA;;;AACA/B,GAAG,CAACiC,sBAAJ,GAA6B,MAAM1B,cAAc,CAAC2B,KAAf,CACjCC,IAAI,IAAIC,MAAM,CAACC,MAAP,CAAcF,IAAI,CAACG,cAAnB,EAAmCJ,KAAnC,CAAyCK,GAAG,IAAIA,GAAG,CAACC,KAApD,CADyB,CAAnC","sourcesContent":["import { DDPCommon } from 'meteor/ddp-common';\nimport { Meteor } from 'meteor/meteor';\nimport { keys } from \"meteor/ddp-common/utils.js\";\n\nimport { Connection } from './livedata_connection.js';\n\n// This array allows the `_allSubscriptionsReady` method below, which\n// is used by the `spiderable` package, to keep track of whether all\n// data is ready.\nconst allConnections = [];\n\n/**\n * @namespace DDP\n * @summary Namespace for DDP-related methods/classes.\n */\nexport const DDP = {};\n\n// This is private but it's used in a few places. accounts-base uses\n// it to get the current user. Meteor.setTimeout and friends clear\n// it. We can probably find a better way to factor this.\nDDP._CurrentMethodInvocation = new Meteor.EnvironmentVariable();\nDDP._CurrentPublicationInvocation = new Meteor.EnvironmentVariable();\n\n// XXX: Keep DDP._CurrentInvocation for backwards-compatibility.\nDDP._CurrentInvocation = DDP._CurrentMethodInvocation;\n\n// This is passed into a weird `makeErrorType` function that expects its thing\n// to be a constructor\nfunction connectionErrorConstructor(message) {\n  this.message = message;\n}\n\nDDP.ConnectionError = Meteor.makeErrorType(\n  'DDP.ConnectionError',\n  connectionErrorConstructor\n);\n\nDDP.ForcedReconnectError = Meteor.makeErrorType(\n  'DDP.ForcedReconnectError',\n  () => {}\n);\n\n// Returns the named sequence of pseudo-random values.\n// The scope will be DDP._CurrentMethodInvocation.get(), so the stream will produce\n// consistent values for method calls on the client and server.\nDDP.randomStream = name => {\n  const scope = DDP._CurrentMethodInvocation.get();\n  return DDPCommon.RandomStream.get(scope, name);\n};\n\n// @param url {String} URL to Meteor app,\n//     e.g.:\n//     \"subdomain.meteor.com\",\n//     \"http://subdomain.meteor.com\",\n//     \"/\",\n//     \"ddp+sockjs://ddp--****-foo.meteor.com/sockjs\"\n\n/**\n * @summary Connect to the server of a different Meteor application to subscribe to its document sets and invoke its remote methods.\n * @locus Anywhere\n * @param {String} url The URL of another Meteor application.\n */\nDDP.connect = (url, options) => {\n  const ret = new Connection(url, options);\n  allConnections.push(ret); // hack. see below.\n  return ret;\n};\n\nDDP._reconnectHook = new Hook({ bindEnvironment: false });\n\n/**\n * @summary Register a function to call as the first step of\n * reconnecting. This function can call methods which will be executed before\n * any other outstanding methods. For example, this can be used to re-establish\n * the appropriate authentication context on the connection.\n * @locus Anywhere\n * @param {Function} callback The function to call. It will be called with a\n * single argument, the [connection object](#ddp_connect) that is reconnecting.\n */\nDDP.onReconnect = callback => DDP._reconnectHook.register(callback);\n\n// Hack for `spiderable` package: a way to see if the page is done\n// loading all the data it needs.\n//\nDDP._allSubscriptionsReady = () => allConnections.every(\n  conn => Object.values(conn._subscriptions).every(sub => sub.ready)\n);\n"]},"sourceType":"module","hash":"b56fdf2beb78fb06a2126435756c3b2e420f2ef3"}
