{"metadata":{},"options":{"compact":false,"sourceMaps":true,"ast":true,"babelrc":false,"configFile":false,"parserOpts":{"sourceType":"module","sourceFileName":"/home/ney/meteor/cadastro/packages/binary-heap/min-max-heap.js","plugins":["*","flow","jsx","asyncGenerators","bigInt","classPrivateMethods","classPrivateProperties","classProperties","doExpressions","dynamicImport","exportDefaultFrom","exportExtensions","exportNamespaceFrom","functionBind","functionSent","importMeta","nullishCoalescingOperator","numericSeparator","objectRestSpread","optionalCatchBinding","optionalChaining",["pipelineOperator",{"proposal":"minimal"}],"throwExpressions","objectRestSpread","objectRestSpread","asyncGenerators","classProperties","classPrivateProperties","jsx","nullishCoalescingOperator","nullishCoalescingOperator","optionalChaining","optionalChaining","optionalCatchBinding","optionalCatchBinding","classProperties","classPrivateProperties","classPrivateMethods","classProperties","classPrivateProperties","asyncGenerators","asyncGenerators","objectRestSpread","objectRestSpread"],"allowImportExportEverywhere":true,"allowReturnOutsideFunction":true,"allowUndeclaredExports":true,"strictMode":false},"caller":{"name":"meteor","arch":"os.linux.x86_64"},"sourceFileName":"packages/binary-heap/min-max-heap.js","filename":"/home/ney/meteor/cadastro/packages/binary-heap/min-max-heap.js","cloneInputAst":true,"passPerPreset":false,"envName":"development","cwd":"/home/ney/meteor/cadastro","root":"/home/ney/meteor/cadastro","plugins":[{"key":"base$0","visitor":{"_exploded":true,"_verified":true},"options":{}},{"key":"base$0$0","visitor":{"Program":{"enter":[null],"exit":[null]},"_exploded":true,"_verified":true},"options":{"avoidModernSyntax":false,"enforceStrictMode":false,"dynamicImport":true,"generateLetDeclarations":true}},{"key":"transform-runtime","visitor":{"CallExpression":{"enter":[null]},"BinaryExpression":{"enter":[null]},"MemberExpression":{"enter":[null],"exit":[null]},"_exploded":true,"_verified":true,"Identifier":{"enter":[null]},"JSXIdentifier":{"enter":[null]}},"options":{"version":"7.12.5","helpers":true,"useESModules":false,"corejs":false}},{"key":"syntax-object-rest-spread","visitor":{"_exploded":true,"_verified":true},"options":{}},{"key":"proposal-object-rest-spread","visitor":{"_exploded":{},"_verified":{},"VariableDeclarator":{"enter":[null]},"ExportNamedDeclaration":{"enter":[null]},"CatchClause":{"enter":[null]},"AssignmentExpression":{"enter":[null]},"ArrayPattern":{"enter":[null]},"ObjectExpression":{"enter":[null]},"FunctionDeclaration":{"enter":[null]},"FunctionExpression":{"enter":[null]},"ObjectMethod":{"enter":[null]},"ArrowFunctionExpression":{"enter":[null]},"ClassMethod":{"enter":[null]},"ClassPrivateMethod":{"enter":[null]},"ForInStatement":{"enter":[null]},"ForOfStatement":{"enter":[null]}},"options":{}},{"key":"transform-meteor-async-await","visitor":{"AwaitExpression":{"enter":[null]},"_exploded":true,"_verified":true,"FunctionDeclaration":{"exit":[null]},"FunctionExpression":{"exit":[null]},"ObjectMethod":{"exit":[null]},"ArrowFunctionExpression":{"exit":[null]},"ClassMethod":{"exit":[null]},"ClassPrivateMethod":{"exit":[null]}},"options":{"useNativeAsyncAwait":false}},{"key":"proposal-async-generator-functions","visitor":{"_exploded":{},"_verified":{},"Program":{"enter":[null]}},"options":{}},{"key":"proposal-class-properties","visitor":{"PrivateName":{"enter":[null]},"ExportDefaultDeclaration":{"enter":[null]},"_exploded":true,"_verified":true,"ClassExpression":{"enter":[null]},"ClassDeclaration":{"enter":[null]}},"options":{"loose":true}},{"key":"transform-react-jsx","visitor":{"_exploded":{},"_verified":{},"JSXNamespacedName":{"enter":[null]},"JSXSpreadChild":{"enter":[null]},"Program":{"enter":[null]},"JSXElement":{"exit":[null]},"JSXFragment":{"exit":[null]},"JSXAttribute":{"enter":[null]}},"options":{"pragma":"React.createElement","pragmaFrag":"React.Fragment","runtime":"classic","throwIfNamespace":true,"useBuiltIns":false}},{"key":"transform-react-display-name","visitor":{"ExportDefaultDeclaration":{"enter":[null]},"CallExpression":{"enter":[null]},"_exploded":true,"_verified":true},"options":{}},{"key":"transform-react-pure-annotations","visitor":{"CallExpression":{"enter":[null]},"_exploded":true,"_verified":true},"options":{}},{"key":"syntax-nullish-coalescing-operator","visitor":{"_exploded":true,"_verified":true},"options":{}},{"key":"proposal-nullish-coalescing-operator","visitor":{"_exploded":{},"_verified":{},"LogicalExpression":{"enter":[null]}},"options":{}},{"key":"syntax-optional-chaining","visitor":{"_exploded":true,"_verified":true},"options":{}},{"key":"proposal-optional-chaining","visitor":{"_exploded":{},"_verified":{},"OptionalCallExpression":{"enter":[null]},"OptionalMemberExpression":{"enter":[null]}},"options":{}},{"key":"syntax-optional-catch-binding","visitor":{"_exploded":true,"_verified":true},"options":{}},{"key":"proposal-optional-catch-binding","visitor":{"_exploded":{},"_verified":{},"CatchClause":{"enter":[null]}},"options":{}},{"key":"syntax-class-properties","visitor":{"_exploded":true,"_verified":true},"options":{}},{"key":"proposal-class-properties","visitor":{"PrivateName":{"enter":[null]},"ExportDefaultDeclaration":{"enter":[null]},"_exploded":true,"_verified":true,"ClassExpression":{"enter":[null]},"ClassDeclaration":{"enter":[null]}},"options":{}},{"key":"syntax-async-generators","visitor":{"_exploded":true,"_verified":true},"options":{}},{"key":"proposal-async-generator-functions","visitor":{"_exploded":{},"_verified":{},"Program":{"enter":[null]}},"options":{}},{"key":"syntax-object-rest-spread","visitor":{"_exploded":true,"_verified":true},"options":{}},{"key":"proposal-object-rest-spread","visitor":{"_exploded":{},"_verified":{},"VariableDeclarator":{"enter":[null]},"ExportNamedDeclaration":{"enter":[null]},"CatchClause":{"enter":[null]},"AssignmentExpression":{"enter":[null]},"ArrayPattern":{"enter":[null]},"ObjectExpression":{"enter":[null]},"FunctionDeclaration":{"enter":[null]},"FunctionExpression":{"enter":[null]},"ObjectMethod":{"enter":[null]},"ArrowFunctionExpression":{"enter":[null]},"ClassMethod":{"enter":[null]},"ClassPrivateMethod":{"enter":[null]},"ForInStatement":{"enter":[null]},"ForOfStatement":{"enter":[null]}},"options":{}},{"key":"transform-literals","visitor":{"NumericLiteral":{"enter":[null]},"StringLiteral":{"enter":[null]},"_exploded":true,"_verified":true},"options":{}},{"key":"transform-template-literals","visitor":{"TaggedTemplateExpression":{"enter":[null]},"TemplateLiteral":{"enter":[null]},"_exploded":true,"_verified":true},"options":{}},{"key":"transform-parameters","visitor":{"_exploded":true,"_verified":true,"FunctionDeclaration":{"enter":[null]},"FunctionExpression":{"enter":[null]},"ObjectMethod":{"enter":[null]},"ArrowFunctionExpression":{"enter":[null]},"ClassMethod":{"enter":[null]},"ClassPrivateMethod":{"enter":[null]}},"options":{}},{"key":"transform-exponentiation-operator","visitor":{"AssignmentExpression":{"enter":[null]},"BinaryExpression":{"enter":[null]},"_exploded":true,"_verified":true},"options":{}}],"presets":[],"generatorOpts":{"filename":"/home/ney/meteor/cadastro/packages/binary-heap/min-max-heap.js","comments":true,"compact":false,"sourceMaps":true,"sourceFileName":"packages/binary-heap/min-max-heap.js"}},"code":"module.export({\n  MinMaxHeap: () => MinMaxHeap\n});\nlet MaxHeap;\nmodule.link(\"./max-heap.js\", {\n  MaxHeap(v) {\n    MaxHeap = v;\n  }\n\n}, 0);\nlet MinHeap;\nmodule.link(\"./min-heap.js\", {\n  MinHeap(v) {\n    MinHeap = v;\n  }\n\n}, 1);\n\nclass MinMaxHeap extends MaxHeap {\n  constructor(comparator, options) {\n    super(comparator, options);\n    this._minHeap = new MinHeap(comparator, options);\n  }\n\n  set() {\n    super.set(...arguments);\n\n    this._minHeap.set(...arguments);\n  }\n\n  remove() {\n    super.remove(...arguments);\n\n    this._minHeap.remove(...arguments);\n  }\n\n  clear() {\n    super.clear(...arguments);\n\n    this._minHeap.clear(...arguments);\n  }\n\n  setDefault() {\n    super.setDefault(...arguments);\n    return this._minHeap.setDefault(...arguments);\n  }\n\n  clone() {\n    const clone = new MinMaxHeap(this._comparator, this._heap);\n    return clone;\n  }\n\n  minElementId() {\n    return this._minHeap.minElementId();\n  }\n\n}\n\n;","map":{"version":3,"sources":["packages/binary-heap/min-max-heap.js"],"names":["module","export","MinMaxHeap","MaxHeap","link","v","MinHeap","constructor","comparator","options","_minHeap","set","remove","clear","setDefault","clone","_comparator","_heap","minElementId"],"mappings":"AAAAA,MAAM,CAACC,MAAP,CAAc;AAACC,EAAAA,UAAU,EAAC,MAAIA;AAAhB,CAAd;AAA2C,IAAIC,OAAJ;AAAYH,MAAM,CAACI,IAAP,CAAY,eAAZ,EAA4B;AAACD,EAAAA,OAAO,CAACE,CAAD,EAAG;AAACF,IAAAA,OAAO,GAACE,CAAR;AAAU;;AAAtB,CAA5B,EAAoD,CAApD;AAAuD,IAAIC,OAAJ;AAAYN,MAAM,CAACI,IAAP,CAAY,eAAZ,EAA4B;AAACE,EAAAA,OAAO,CAACD,CAAD,EAAG;AAACC,IAAAA,OAAO,GAACD,CAAR;AAAU;;AAAtB,CAA5B,EAAoD,CAApD;;AAenH,MAAMH,UAAN,SAAyBC,OAAzB,CAAiC;AACtCI,EAAAA,WAAW,CAACC,UAAD,EAAaC,OAAb,EAAsB;AAC/B,UAAMD,UAAN,EAAkBC,OAAlB;AACA,SAAKC,QAAL,GAAgB,IAAIJ,OAAJ,CAAYE,UAAZ,EAAwBC,OAAxB,CAAhB;AACD;;AAEDE,EAAAA,GAAG,GAAU;AACX,UAAMA,GAAN,CAAU,YAAV;;AACA,SAAKD,QAAL,CAAcC,GAAd,CAAkB,YAAlB;AACD;;AAEDC,EAAAA,MAAM,GAAU;AACd,UAAMA,MAAN,CAAa,YAAb;;AACA,SAAKF,QAAL,CAAcE,MAAd,CAAqB,YAArB;AACD;;AAEDC,EAAAA,KAAK,GAAU;AACb,UAAMA,KAAN,CAAY,YAAZ;;AACA,SAAKH,QAAL,CAAcG,KAAd,CAAoB,YAApB;AACD;;AAEDC,EAAAA,UAAU,GAAU;AAClB,UAAMA,UAAN,CAAiB,YAAjB;AACA,WAAO,KAAKJ,QAAL,CAAcI,UAAd,CAAyB,YAAzB,CAAP;AACD;;AAEDC,EAAAA,KAAK,GAAG;AACN,UAAMA,KAAK,GAAG,IAAIb,UAAJ,CAAe,KAAKc,WAApB,EAAiC,KAAKC,KAAtC,CAAd;AACA,WAAOF,KAAP;AACD;;AAEDG,EAAAA,YAAY,GAAG;AACb,WAAO,KAAKR,QAAL,CAAcQ,YAAd,EAAP;AACD;;AAjCqC;;AAmCvC","sourcesContent":["import { MaxHeap } from './max-heap.js';\nimport { MinHeap } from './min-heap.js';\n\n// This implementation of Min/Max-Heap is just a subclass of Max-Heap\n// with a Min-Heap as an encapsulated property.\n//\n// Most of the operations are just proxy methods to call the same method on both\n// heaps.\n//\n// This implementation takes 2*N memory but is fairly simple to write and\n// understand. And the constant factor of a simple Heap is usually smaller\n// compared to other two-way priority queues like Min/Max Heaps\n// (http://www.cs.otago.ac.nz/staffpriv/mike/Papers/MinMaxHeaps/MinMaxHeaps.pdf)\n// and Interval Heaps\n// (http://www.cise.ufl.edu/~sahni/dsaac/enrich/c13/double.htm)\nexport class MinMaxHeap extends MaxHeap {\n  constructor(comparator, options) {\n    super(comparator, options);\n    this._minHeap = new MinHeap(comparator, options);\n  }\n\n  set(...args) {\n    super.set(...args);\n    this._minHeap.set(...args);\n  }\n\n  remove(...args) {\n    super.remove(...args);\n    this._minHeap.remove(...args);\n  }\n\n  clear(...args) {\n    super.clear(...args);\n    this._minHeap.clear(...args);\n  }\n\n  setDefault(...args) {\n    super.setDefault(...args);\n    return this._minHeap.setDefault(...args);\n  }\n\n  clone() {\n    const clone = new MinMaxHeap(this._comparator, this._heap);\n    return clone;\n  }\n\n  minElementId() {\n    return this._minHeap.minElementId();\n  }\n\n};\n"]},"sourceType":"module","hash":"bf6babcf7a64bcee8fb72140c28043a46b37dd4a"}
