{"metadata":{},"options":{"compact":false,"sourceMaps":true,"ast":true,"babelrc":false,"configFile":false,"parserOpts":{"sourceType":"module","sourceFileName":"/home/ney/meteor/cadastro/server/main.js","plugins":["*","flow","jsx","asyncGenerators","bigInt","classPrivateMethods","classPrivateProperties","classProperties","doExpressions","dynamicImport","exportDefaultFrom","exportExtensions","exportNamespaceFrom","functionBind","functionSent","importMeta","nullishCoalescingOperator","numericSeparator","objectRestSpread","optionalCatchBinding","optionalChaining",["pipelineOperator",{"proposal":"minimal"}],"throwExpressions","objectRestSpread","objectRestSpread","asyncGenerators","classProperties","classPrivateProperties","jsx","nullishCoalescingOperator","nullishCoalescingOperator","optionalChaining","optionalChaining","optionalCatchBinding","optionalCatchBinding","classProperties","classPrivateProperties","classPrivateMethods","classProperties","classPrivateProperties","asyncGenerators","asyncGenerators","objectRestSpread","objectRestSpread"],"allowImportExportEverywhere":true,"allowReturnOutsideFunction":true,"allowUndeclaredExports":true,"strictMode":false},"caller":{"name":"meteor","arch":"os.linux.x86_64"},"sourceFileName":"server/main.js","filename":"/home/ney/meteor/cadastro/server/main.js","cloneInputAst":true,"passPerPreset":false,"envName":"development","cwd":"/home/ney/meteor/cadastro","root":"/home/ney/meteor/cadastro","plugins":[{"key":"base$0","visitor":{"_exploded":true,"_verified":true},"options":{}},{"key":"base$0$0","visitor":{"Program":{"enter":[null],"exit":[null]},"_exploded":true,"_verified":true},"options":{"avoidModernSyntax":false,"enforceStrictMode":false,"dynamicImport":true,"generateLetDeclarations":true}},{"key":"transform-runtime","visitor":{"CallExpression":{"enter":[null]},"BinaryExpression":{"enter":[null]},"MemberExpression":{"enter":[null],"exit":[null]},"_exploded":true,"_verified":true,"Identifier":{"enter":[null]},"JSXIdentifier":{"enter":[null]}},"options":{"version":"7.12.5","helpers":true,"useESModules":false,"corejs":false}},{"key":"syntax-object-rest-spread","visitor":{"_exploded":true,"_verified":true},"options":{}},{"key":"proposal-object-rest-spread","visitor":{"_exploded":{},"_verified":{},"VariableDeclarator":{"enter":[null]},"ExportNamedDeclaration":{"enter":[null]},"CatchClause":{"enter":[null]},"AssignmentExpression":{"enter":[null]},"ArrayPattern":{"enter":[null]},"ObjectExpression":{"enter":[null]},"FunctionDeclaration":{"enter":[null]},"FunctionExpression":{"enter":[null]},"ObjectMethod":{"enter":[null]},"ArrowFunctionExpression":{"enter":[null]},"ClassMethod":{"enter":[null]},"ClassPrivateMethod":{"enter":[null]},"ForInStatement":{"enter":[null]},"ForOfStatement":{"enter":[null]}},"options":{}},{"key":"transform-meteor-async-await","visitor":{"AwaitExpression":{"enter":[null]},"_exploded":true,"_verified":true,"FunctionDeclaration":{"exit":[null]},"FunctionExpression":{"exit":[null]},"ObjectMethod":{"exit":[null]},"ArrowFunctionExpression":{"exit":[null]},"ClassMethod":{"exit":[null]},"ClassPrivateMethod":{"exit":[null]}},"options":{"useNativeAsyncAwait":false}},{"key":"proposal-async-generator-functions","visitor":{"_exploded":{},"_verified":{},"Program":{"enter":[null]}},"options":{}},{"key":"proposal-class-properties","visitor":{"PrivateName":{"enter":[null]},"ExportDefaultDeclaration":{"enter":[null]},"_exploded":true,"_verified":true,"ClassExpression":{"enter":[null]},"ClassDeclaration":{"enter":[null]}},"options":{"loose":true}},{"key":"transform-react-jsx","visitor":{"_exploded":{},"_verified":{},"JSXNamespacedName":{"enter":[null]},"JSXSpreadChild":{"enter":[null]},"Program":{"enter":[null]},"JSXElement":{"exit":[null]},"JSXFragment":{"exit":[null]},"JSXAttribute":{"enter":[null]}},"options":{"pragma":"React.createElement","pragmaFrag":"React.Fragment","runtime":"classic","throwIfNamespace":true,"useBuiltIns":false}},{"key":"transform-react-display-name","visitor":{"ExportDefaultDeclaration":{"enter":[null]},"CallExpression":{"enter":[null]},"_exploded":true,"_verified":true},"options":{}},{"key":"transform-react-pure-annotations","visitor":{"CallExpression":{"enter":[null]},"_exploded":true,"_verified":true},"options":{}},{"key":"syntax-nullish-coalescing-operator","visitor":{"_exploded":true,"_verified":true},"options":{}},{"key":"proposal-nullish-coalescing-operator","visitor":{"_exploded":{},"_verified":{},"LogicalExpression":{"enter":[null]}},"options":{}},{"key":"syntax-optional-chaining","visitor":{"_exploded":true,"_verified":true},"options":{}},{"key":"proposal-optional-chaining","visitor":{"_exploded":{},"_verified":{},"OptionalCallExpression":{"enter":[null]},"OptionalMemberExpression":{"enter":[null]}},"options":{}},{"key":"syntax-optional-catch-binding","visitor":{"_exploded":true,"_verified":true},"options":{}},{"key":"proposal-optional-catch-binding","visitor":{"_exploded":{},"_verified":{},"CatchClause":{"enter":[null]}},"options":{}},{"key":"syntax-class-properties","visitor":{"_exploded":true,"_verified":true},"options":{}},{"key":"proposal-class-properties","visitor":{"PrivateName":{"enter":[null]},"ExportDefaultDeclaration":{"enter":[null]},"_exploded":true,"_verified":true,"ClassExpression":{"enter":[null]},"ClassDeclaration":{"enter":[null]}},"options":{}},{"key":"syntax-async-generators","visitor":{"_exploded":true,"_verified":true},"options":{}},{"key":"proposal-async-generator-functions","visitor":{"_exploded":{},"_verified":{},"Program":{"enter":[null]}},"options":{}},{"key":"syntax-object-rest-spread","visitor":{"_exploded":true,"_verified":true},"options":{}},{"key":"proposal-object-rest-spread","visitor":{"_exploded":{},"_verified":{},"VariableDeclarator":{"enter":[null]},"ExportNamedDeclaration":{"enter":[null]},"CatchClause":{"enter":[null]},"AssignmentExpression":{"enter":[null]},"ArrayPattern":{"enter":[null]},"ObjectExpression":{"enter":[null]},"FunctionDeclaration":{"enter":[null]},"FunctionExpression":{"enter":[null]},"ObjectMethod":{"enter":[null]},"ArrowFunctionExpression":{"enter":[null]},"ClassMethod":{"enter":[null]},"ClassPrivateMethod":{"enter":[null]},"ForInStatement":{"enter":[null]},"ForOfStatement":{"enter":[null]}},"options":{}},{"key":"transform-literals","visitor":{"NumericLiteral":{"enter":[null]},"StringLiteral":{"enter":[null]},"_exploded":true,"_verified":true},"options":{}},{"key":"transform-template-literals","visitor":{"TaggedTemplateExpression":{"enter":[null]},"TemplateLiteral":{"enter":[null]},"_exploded":true,"_verified":true},"options":{}},{"key":"transform-parameters","visitor":{"_exploded":true,"_verified":true,"FunctionDeclaration":{"enter":[null]},"FunctionExpression":{"enter":[null]},"ObjectMethod":{"enter":[null]},"ArrowFunctionExpression":{"enter":[null]},"ClassMethod":{"enter":[null]},"ClassPrivateMethod":{"enter":[null]}},"options":{}},{"key":"transform-exponentiation-operator","visitor":{"AssignmentExpression":{"enter":[null]},"BinaryExpression":{"enter":[null]},"_exploded":true,"_verified":true},"options":{}}],"presets":[],"generatorOpts":{"filename":"/home/ney/meteor/cadastro/server/main.js","comments":true,"compact":false,"sourceMaps":true,"sourceFileName":"server/main.js"}},"code":"let Meteor;\nmodule.link(\"meteor/meteor\", {\n  Meteor(v) {\n    Meteor = v;\n  }\n\n}, 0);\nlet LinksCollection;\nmodule.link(\"/imports/api/links\", {\n  LinksCollection(v) {\n    LinksCollection = v;\n  }\n\n}, 1);\n\nfunction insertLink(_ref) {\n  let {\n    title,\n    url\n  } = _ref;\n  LinksCollection.insert({\n    title,\n    url,\n    createdAt: new Date()\n  });\n}\n\nMeteor.startup(() => {\n  // If the Links collection is empty, add some data.\n  if (LinksCollection.find().count() === 0) {\n    insertLink({\n      title: 'Do the Tutorial',\n      url: 'https://www.meteor.com/tutorials/react/creating-an-app'\n    });\n    insertLink({\n      title: 'Follow the Guide',\n      url: 'http://guide.meteor.com'\n    });\n    insertLink({\n      title: 'Read the Docs',\n      url: 'https://docs.meteor.com'\n    });\n    insertLink({\n      title: 'Discussions',\n      url: 'https://forums.meteor.com'\n    });\n  }\n});","map":{"version":3,"sources":["server/main.js"],"names":["Meteor","module","link","v","LinksCollection","insertLink","title","url","insert","createdAt","Date","startup","find","count"],"mappings":"AAAA,IAAIA,MAAJ;AAAWC,MAAM,CAACC,IAAP,CAAY,eAAZ,EAA4B;AAACF,EAAAA,MAAM,CAACG,CAAD,EAAG;AAACH,IAAAA,MAAM,GAACG,CAAP;AAAS;;AAApB,CAA5B,EAAkD,CAAlD;AAAqD,IAAIC,eAAJ;AAAoBH,MAAM,CAACC,IAAP,CAAY,oBAAZ,EAAiC;AAACE,EAAAA,eAAe,CAACD,CAAD,EAAG;AAACC,IAAAA,eAAe,GAACD,CAAhB;AAAkB;;AAAtC,CAAjC,EAAyE,CAAzE;;AAGpF,SAASE,UAAT,OAAoC;AAAA,MAAhB;AAAEC,IAAAA,KAAF;AAASC,IAAAA;AAAT,GAAgB;AAClCH,EAAAA,eAAe,CAACI,MAAhB,CAAuB;AAACF,IAAAA,KAAD;AAAQC,IAAAA,GAAR;AAAaE,IAAAA,SAAS,EAAE,IAAIC,IAAJ;AAAxB,GAAvB;AACD;;AAEDV,MAAM,CAACW,OAAP,CAAe,MAAM;AACnB;AACA,MAAIP,eAAe,CAACQ,IAAhB,GAAuBC,KAAvB,OAAmC,CAAvC,EAA0C;AACxCR,IAAAA,UAAU,CAAC;AACTC,MAAAA,KAAK,EAAE,iBADE;AAETC,MAAAA,GAAG,EAAE;AAFI,KAAD,CAAV;AAKAF,IAAAA,UAAU,CAAC;AACTC,MAAAA,KAAK,EAAE,kBADE;AAETC,MAAAA,GAAG,EAAE;AAFI,KAAD,CAAV;AAKAF,IAAAA,UAAU,CAAC;AACTC,MAAAA,KAAK,EAAE,eADE;AAETC,MAAAA,GAAG,EAAE;AAFI,KAAD,CAAV;AAKAF,IAAAA,UAAU,CAAC;AACTC,MAAAA,KAAK,EAAE,aADE;AAETC,MAAAA,GAAG,EAAE;AAFI,KAAD,CAAV;AAID;AACF,CAvBD","sourcesContent":["import { Meteor } from 'meteor/meteor';\nimport { LinksCollection } from '/imports/api/links';\n\nfunction insertLink({ title, url }) {\n  LinksCollection.insert({title, url, createdAt: new Date()});\n}\n\nMeteor.startup(() => {\n  // If the Links collection is empty, add some data.\n  if (LinksCollection.find().count() === 0) {\n    insertLink({\n      title: 'Do the Tutorial',\n      url: 'https://www.meteor.com/tutorials/react/creating-an-app'\n    });\n\n    insertLink({\n      title: 'Follow the Guide',\n      url: 'http://guide.meteor.com'\n    });\n\n    insertLink({\n      title: 'Read the Docs',\n      url: 'https://docs.meteor.com'\n    });\n\n    insertLink({\n      title: 'Discussions',\n      url: 'https://forums.meteor.com'\n    });\n  }\n});\n"]},"sourceType":"module","hash":"c0541d52a81910c1d9df026257d7c4dafa3ef4b8"}
