{"metadata":{},"options":{"compact":false,"sourceMaps":true,"ast":true,"babelrc":false,"configFile":false,"parserOpts":{"sourceType":"module","sourceFileName":"/home/ney/meteor/cadastro/packages/ejson/utils.js","plugins":["*","flow","jsx","asyncGenerators","bigInt","classPrivateMethods","classPrivateProperties","classProperties","doExpressions","dynamicImport","exportDefaultFrom","exportExtensions","exportNamespaceFrom","functionBind","functionSent","importMeta","nullishCoalescingOperator","numericSeparator","objectRestSpread","optionalCatchBinding","optionalChaining",["pipelineOperator",{"proposal":"minimal"}],"throwExpressions","classProperties","classPrivateProperties","jsx","nullishCoalescingOperator","nullishCoalescingOperator","optionalChaining","optionalChaining","optionalCatchBinding","optionalCatchBinding","classProperties","classPrivateProperties","classPrivateMethods","classProperties","classPrivateProperties","asyncGenerators","asyncGenerators","objectRestSpread","objectRestSpread"],"allowImportExportEverywhere":true,"allowReturnOutsideFunction":true,"allowUndeclaredExports":true,"strictMode":false},"caller":{"name":"meteor","arch":"web.browser"},"sourceFileName":"packages/ejson/utils.js","filename":"/home/ney/meteor/cadastro/packages/ejson/utils.js","cloneInputAst":true,"passPerPreset":false,"envName":"development","cwd":"/home/ney/meteor/cadastro","root":"/home/ney/meteor/cadastro","plugins":[{"key":"base$0","visitor":{"_exploded":true,"_verified":true},"options":{}},{"key":"base$0$0","visitor":{"Program":{"enter":[null],"exit":[null]},"_exploded":true,"_verified":true},"options":{"avoidModernSyntax":false,"enforceStrictMode":false,"dynamicImport":true,"generateLetDeclarations":true}},{"key":"transform-runtime","visitor":{"CallExpression":{"enter":[null]},"BinaryExpression":{"enter":[null]},"MemberExpression":{"enter":[null],"exit":[null]},"_exploded":true,"_verified":true,"Identifier":{"enter":[null]},"JSXIdentifier":{"enter":[null]}},"options":{"version":"7.12.5","helpers":true,"useESModules":false,"corejs":false}},{"key":"proposal-class-properties","visitor":{"PrivateName":{"enter":[null]},"ExportDefaultDeclaration":{"enter":[null]},"_exploded":true,"_verified":true,"ClassExpression":{"enter":[null]},"ClassDeclaration":{"enter":[null]}},"options":{"loose":true}},{"key":"transform-react-jsx","visitor":{"_exploded":{},"_verified":{},"JSXNamespacedName":{"enter":[null]},"JSXSpreadChild":{"enter":[null]},"Program":{"enter":[null]},"JSXElement":{"exit":[null]},"JSXFragment":{"exit":[null]},"JSXAttribute":{"enter":[null]}},"options":{"pragma":"React.createElement","pragmaFrag":"React.Fragment","runtime":"classic","throwIfNamespace":true,"useBuiltIns":false}},{"key":"transform-react-display-name","visitor":{"ExportDefaultDeclaration":{"enter":[null]},"CallExpression":{"enter":[null]},"_exploded":true,"_verified":true},"options":{}},{"key":"transform-react-pure-annotations","visitor":{"CallExpression":{"enter":[null]},"_exploded":true,"_verified":true},"options":{}},{"key":"syntax-nullish-coalescing-operator","visitor":{"_exploded":true,"_verified":true},"options":{}},{"key":"proposal-nullish-coalescing-operator","visitor":{"_exploded":{},"_verified":{},"LogicalExpression":{"enter":[null]}},"options":{}},{"key":"syntax-optional-chaining","visitor":{"_exploded":true,"_verified":true},"options":{}},{"key":"proposal-optional-chaining","visitor":{"_exploded":{},"_verified":{},"OptionalCallExpression":{"enter":[null]},"OptionalMemberExpression":{"enter":[null]}},"options":{}},{"key":"syntax-optional-catch-binding","visitor":{"_exploded":true,"_verified":true},"options":{}},{"key":"proposal-optional-catch-binding","visitor":{"_exploded":{},"_verified":{},"CatchClause":{"enter":[null]}},"options":{}},{"key":"syntax-class-properties","visitor":{"_exploded":true,"_verified":true},"options":{}},{"key":"proposal-class-properties","visitor":{"PrivateName":{"enter":[null]},"ExportDefaultDeclaration":{"enter":[null]},"_exploded":true,"_verified":true,"ClassExpression":{"enter":[null]},"ClassDeclaration":{"enter":[null]}},"options":{}},{"key":"syntax-async-generators","visitor":{"_exploded":true,"_verified":true},"options":{}},{"key":"proposal-async-generator-functions","visitor":{"_exploded":{},"_verified":{},"Program":{"enter":[null]}},"options":{}},{"key":"syntax-object-rest-spread","visitor":{"_exploded":true,"_verified":true},"options":{}},{"key":"proposal-object-rest-spread","visitor":{"_exploded":{},"_verified":{},"VariableDeclarator":{"enter":[null]},"ExportNamedDeclaration":{"enter":[null]},"CatchClause":{"enter":[null]},"AssignmentExpression":{"enter":[null]},"ArrayPattern":{"enter":[null]},"ObjectExpression":{"enter":[null]},"FunctionDeclaration":{"enter":[null]},"FunctionExpression":{"enter":[null]},"ObjectMethod":{"enter":[null]},"ArrowFunctionExpression":{"enter":[null]},"ClassMethod":{"enter":[null]},"ClassPrivateMethod":{"enter":[null]},"ForInStatement":{"enter":[null]},"ForOfStatement":{"enter":[null]}},"options":{}},{"key":"transform-literals","visitor":{"NumericLiteral":{"enter":[null]},"StringLiteral":{"enter":[null]},"_exploded":true,"_verified":true},"options":{}},{"key":"transform-template-literals","visitor":{"TaggedTemplateExpression":{"enter":[null]},"TemplateLiteral":{"enter":[null]},"_exploded":true,"_verified":true},"options":{}},{"key":"transform-parameters","visitor":{"_exploded":true,"_verified":true,"FunctionDeclaration":{"enter":[null]},"FunctionExpression":{"enter":[null]},"ObjectMethod":{"enter":[null]},"ArrowFunctionExpression":{"enter":[null]},"ClassMethod":{"enter":[null]},"ClassPrivateMethod":{"enter":[null]}},"options":{}},{"key":"transform-exponentiation-operator","visitor":{"AssignmentExpression":{"enter":[null]},"BinaryExpression":{"enter":[null]},"_exploded":true,"_verified":true},"options":{}}],"presets":[],"generatorOpts":{"filename":"/home/ney/meteor/cadastro/packages/ejson/utils.js","comments":true,"compact":false,"sourceMaps":true,"sourceFileName":"packages/ejson/utils.js"}},"code":"module.export({\n  isFunction: () => isFunction,\n  isObject: () => isObject,\n  keysOf: () => keysOf,\n  lengthOf: () => lengthOf,\n  hasOwn: () => hasOwn,\n  convertMapToObject: () => convertMapToObject,\n  isArguments: () => isArguments,\n  isInfOrNaN: () => isInfOrNaN,\n  checkError: () => checkError,\n  handleError: () => handleError\n});\n\nconst isFunction = fn => typeof fn === 'function';\n\nconst isObject = fn => typeof fn === 'object';\n\nconst keysOf = obj => Object.keys(obj);\n\nconst lengthOf = obj => Object.keys(obj).length;\n\nconst hasOwn = (obj, prop) => Object.prototype.hasOwnProperty.call(obj, prop);\n\nconst convertMapToObject = map => Array.from(map).reduce((acc, _ref) => {\n  let [key, value] = _ref;\n  // reassign to not create new object\n  acc[key] = value;\n  return acc;\n}, {});\n\nconst isArguments = obj => obj != null && hasOwn(obj, 'callee');\n\nconst isInfOrNaN = obj => Number.isNaN(obj) || obj === Infinity || obj === -Infinity;\n\nconst checkError = {\n  maxStack: msgError => new RegExp('Maximum call stack size exceeded', 'g').test(msgError)\n};\n\nconst handleError = fn => function () {\n  try {\n    return fn.apply(this, arguments);\n  } catch (error) {\n    const isMaxStack = checkError.maxStack(error.message);\n\n    if (isMaxStack) {\n      throw new Error('Converting circular structure to JSON');\n    }\n\n    throw error;\n  }\n};","map":{"version":3,"sources":["packages/ejson/utils.js"],"names":["module","export","isFunction","isObject","keysOf","lengthOf","hasOwn","convertMapToObject","isArguments","isInfOrNaN","checkError","handleError","fn","obj","Object","keys","length","prop","prototype","hasOwnProperty","call","map","Array","from","reduce","acc","key","value","Number","isNaN","Infinity","maxStack","msgError","RegExp","test","apply","arguments","error","isMaxStack","message","Error"],"mappings":"AAAAA,MAAM,CAACC,MAAP,CAAc;AAACC,EAAAA,UAAU,EAAC,MAAIA,UAAhB;AAA2BC,EAAAA,QAAQ,EAAC,MAAIA,QAAxC;AAAiDC,EAAAA,MAAM,EAAC,MAAIA,MAA5D;AAAmEC,EAAAA,QAAQ,EAAC,MAAIA,QAAhF;AAAyFC,EAAAA,MAAM,EAAC,MAAIA,MAApG;AAA2GC,EAAAA,kBAAkB,EAAC,MAAIA,kBAAlI;AAAqJC,EAAAA,WAAW,EAAC,MAAIA,WAArK;AAAiLC,EAAAA,UAAU,EAAC,MAAIA,UAAhM;AAA2MC,EAAAA,UAAU,EAAC,MAAIA,UAA1N;AAAqOC,EAAAA,WAAW,EAAC,MAAIA;AAArP,CAAd;;AAAO,MAAMT,UAAU,GAAIU,EAAD,IAAQ,OAAOA,EAAP,KAAc,UAAzC;;AAEA,MAAMT,QAAQ,GAAIS,EAAD,IAAQ,OAAOA,EAAP,KAAc,QAAvC;;AAEA,MAAMR,MAAM,GAAIS,GAAD,IAASC,MAAM,CAACC,IAAP,CAAYF,GAAZ,CAAxB;;AAEA,MAAMR,QAAQ,GAAIQ,GAAD,IAASC,MAAM,CAACC,IAAP,CAAYF,GAAZ,EAAiBG,MAA3C;;AAEA,MAAMV,MAAM,GAAG,CAACO,GAAD,EAAMI,IAAN,KAAeH,MAAM,CAACI,SAAP,CAAiBC,cAAjB,CAAgCC,IAAhC,CAAqCP,GAArC,EAA0CI,IAA1C,CAA9B;;AAEA,MAAMV,kBAAkB,GAAIc,GAAD,IAASC,KAAK,CAACC,IAAN,CAAWF,GAAX,EAAgBG,MAAhB,CAAuB,CAACC,GAAD,WAAuB;AAAA,MAAjB,CAACC,GAAD,EAAMC,KAAN,CAAiB;AACvF;AACAF,EAAAA,GAAG,CAACC,GAAD,CAAH,GAAWC,KAAX;AACA,SAAOF,GAAP;AACD,CAJ0C,EAIxC,EAJwC,CAApC;;AAMA,MAAMjB,WAAW,GAAGK,GAAG,IAAIA,GAAG,IAAI,IAAP,IAAeP,MAAM,CAACO,GAAD,EAAM,QAAN,CAAhD;;AAEA,MAAMJ,UAAU,GACrBI,GAAG,IAAIe,MAAM,CAACC,KAAP,CAAahB,GAAb,KAAqBA,GAAG,KAAKiB,QAA7B,IAAyCjB,GAAG,KAAK,CAACiB,QADpD;;AAGA,MAAMpB,UAAU,GAAG;AACxBqB,EAAAA,QAAQ,EAAGC,QAAD,IAAc,IAAIC,MAAJ,CAAW,kCAAX,EAA+C,GAA/C,EAAoDC,IAApD,CAAyDF,QAAzD;AADA,CAAnB;;AAIA,MAAMrB,WAAW,GAAIC,EAAD,IAAQ,YAAW;AAC5C,MAAI;AACF,WAAOA,EAAE,CAACuB,KAAH,CAAS,IAAT,EAAeC,SAAf,CAAP;AACD,GAFD,CAEE,OAAOC,KAAP,EAAc;AACd,UAAMC,UAAU,GAAG5B,UAAU,CAACqB,QAAX,CAAoBM,KAAK,CAACE,OAA1B,CAAnB;;AACA,QAAID,UAAJ,EAAgB;AACd,YAAM,IAAIE,KAAJ,CAAU,uCAAV,CAAN;AACD;;AACD,UAAMH,KAAN;AACD;AACF,CAVM","sourcesContent":["export const isFunction = (fn) => typeof fn === 'function';\n\nexport const isObject = (fn) => typeof fn === 'object';\n\nexport const keysOf = (obj) => Object.keys(obj);\n\nexport const lengthOf = (obj) => Object.keys(obj).length;\n\nexport const hasOwn = (obj, prop) => Object.prototype.hasOwnProperty.call(obj, prop);\n\nexport const convertMapToObject = (map) => Array.from(map).reduce((acc, [key, value]) => {\n  // reassign to not create new object\n  acc[key] = value;\n  return acc;\n}, {});\n\nexport const isArguments = obj => obj != null && hasOwn(obj, 'callee');\n\nexport const isInfOrNaN =\n  obj => Number.isNaN(obj) || obj === Infinity || obj === -Infinity;\n\nexport const checkError = {\n  maxStack: (msgError) => new RegExp('Maximum call stack size exceeded', 'g').test(msgError),\n};\n\nexport const handleError = (fn) => function() {\n  try {\n    return fn.apply(this, arguments);\n  } catch (error) {\n    const isMaxStack = checkError.maxStack(error.message);\n    if (isMaxStack) {\n      throw new Error('Converting circular structure to JSON')\n    }\n    throw error;\n  }\n};\n"]},"sourceType":"module","hash":"c1d9e030279c6fb7bab6718321212cb3319d377f"}
