{"metadata":{},"options":{"compact":false,"sourceMaps":true,"ast":true,"babelrc":false,"configFile":false,"parserOpts":{"sourceType":"module","sourceFileName":"/home/ney/meteor/cadastro/packages/boilerplate-generator/template-web.browser.js","plugins":["*","flow","jsx","asyncGenerators","bigInt","classPrivateMethods","classPrivateProperties","classProperties","doExpressions","dynamicImport","exportDefaultFrom","exportExtensions","exportNamespaceFrom","functionBind","functionSent","importMeta","nullishCoalescingOperator","numericSeparator","objectRestSpread","optionalCatchBinding","optionalChaining",["pipelineOperator",{"proposal":"minimal"}],"throwExpressions","objectRestSpread","objectRestSpread","asyncGenerators","classProperties","classPrivateProperties","jsx","nullishCoalescingOperator","nullishCoalescingOperator","optionalChaining","optionalChaining","optionalCatchBinding","optionalCatchBinding","classProperties","classPrivateProperties","classPrivateMethods","classProperties","classPrivateProperties","asyncGenerators","asyncGenerators","objectRestSpread","objectRestSpread"],"allowImportExportEverywhere":true,"allowReturnOutsideFunction":true,"allowUndeclaredExports":true,"strictMode":false},"caller":{"name":"meteor","arch":"os.linux.x86_64"},"sourceFileName":"packages/boilerplate-generator/template-web.browser.js","filename":"/home/ney/meteor/cadastro/packages/boilerplate-generator/template-web.browser.js","cloneInputAst":true,"passPerPreset":false,"envName":"development","cwd":"/home/ney/meteor/cadastro","root":"/home/ney/meteor/cadastro","plugins":[{"key":"base$0","visitor":{"_exploded":true,"_verified":true},"options":{}},{"key":"base$0$0","visitor":{"Program":{"enter":[null],"exit":[null]},"_exploded":true,"_verified":true},"options":{"avoidModernSyntax":false,"enforceStrictMode":false,"dynamicImport":true,"generateLetDeclarations":true}},{"key":"transform-runtime","visitor":{"CallExpression":{"enter":[null]},"BinaryExpression":{"enter":[null]},"MemberExpression":{"enter":[null],"exit":[null]},"_exploded":true,"_verified":true,"Identifier":{"enter":[null]},"JSXIdentifier":{"enter":[null]}},"options":{"version":"7.12.5","helpers":true,"useESModules":false,"corejs":false}},{"key":"syntax-object-rest-spread","visitor":{"_exploded":true,"_verified":true},"options":{}},{"key":"proposal-object-rest-spread","visitor":{"_exploded":{},"_verified":{},"VariableDeclarator":{"enter":[null]},"ExportNamedDeclaration":{"enter":[null]},"CatchClause":{"enter":[null]},"AssignmentExpression":{"enter":[null]},"ArrayPattern":{"enter":[null]},"ObjectExpression":{"enter":[null]},"FunctionDeclaration":{"enter":[null]},"FunctionExpression":{"enter":[null]},"ObjectMethod":{"enter":[null]},"ArrowFunctionExpression":{"enter":[null]},"ClassMethod":{"enter":[null]},"ClassPrivateMethod":{"enter":[null]},"ForInStatement":{"enter":[null]},"ForOfStatement":{"enter":[null]}},"options":{}},{"key":"transform-meteor-async-await","visitor":{"AwaitExpression":{"enter":[null]},"_exploded":true,"_verified":true,"FunctionDeclaration":{"exit":[null]},"FunctionExpression":{"exit":[null]},"ObjectMethod":{"exit":[null]},"ArrowFunctionExpression":{"exit":[null]},"ClassMethod":{"exit":[null]},"ClassPrivateMethod":{"exit":[null]}},"options":{"useNativeAsyncAwait":false}},{"key":"proposal-async-generator-functions","visitor":{"_exploded":{},"_verified":{},"Program":{"enter":[null]}},"options":{}},{"key":"proposal-class-properties","visitor":{"PrivateName":{"enter":[null]},"ExportDefaultDeclaration":{"enter":[null]},"_exploded":true,"_verified":true,"ClassExpression":{"enter":[null]},"ClassDeclaration":{"enter":[null]}},"options":{"loose":true}},{"key":"transform-react-jsx","visitor":{"_exploded":{},"_verified":{},"JSXNamespacedName":{"enter":[null]},"JSXSpreadChild":{"enter":[null]},"Program":{"enter":[null]},"JSXElement":{"exit":[null]},"JSXFragment":{"exit":[null]},"JSXAttribute":{"enter":[null]}},"options":{"pragma":"React.createElement","pragmaFrag":"React.Fragment","runtime":"classic","throwIfNamespace":true,"useBuiltIns":false}},{"key":"transform-react-display-name","visitor":{"ExportDefaultDeclaration":{"enter":[null]},"CallExpression":{"enter":[null]},"_exploded":true,"_verified":true},"options":{}},{"key":"transform-react-pure-annotations","visitor":{"CallExpression":{"enter":[null]},"_exploded":true,"_verified":true},"options":{}},{"key":"syntax-nullish-coalescing-operator","visitor":{"_exploded":true,"_verified":true},"options":{}},{"key":"proposal-nullish-coalescing-operator","visitor":{"_exploded":{},"_verified":{},"LogicalExpression":{"enter":[null]}},"options":{}},{"key":"syntax-optional-chaining","visitor":{"_exploded":true,"_verified":true},"options":{}},{"key":"proposal-optional-chaining","visitor":{"_exploded":{},"_verified":{},"OptionalCallExpression":{"enter":[null]},"OptionalMemberExpression":{"enter":[null]}},"options":{}},{"key":"syntax-optional-catch-binding","visitor":{"_exploded":true,"_verified":true},"options":{}},{"key":"proposal-optional-catch-binding","visitor":{"_exploded":{},"_verified":{},"CatchClause":{"enter":[null]}},"options":{}},{"key":"syntax-class-properties","visitor":{"_exploded":true,"_verified":true},"options":{}},{"key":"proposal-class-properties","visitor":{"PrivateName":{"enter":[null]},"ExportDefaultDeclaration":{"enter":[null]},"_exploded":true,"_verified":true,"ClassExpression":{"enter":[null]},"ClassDeclaration":{"enter":[null]}},"options":{}},{"key":"syntax-async-generators","visitor":{"_exploded":true,"_verified":true},"options":{}},{"key":"proposal-async-generator-functions","visitor":{"_exploded":{},"_verified":{},"Program":{"enter":[null]}},"options":{}},{"key":"syntax-object-rest-spread","visitor":{"_exploded":true,"_verified":true},"options":{}},{"key":"proposal-object-rest-spread","visitor":{"_exploded":{},"_verified":{},"VariableDeclarator":{"enter":[null]},"ExportNamedDeclaration":{"enter":[null]},"CatchClause":{"enter":[null]},"AssignmentExpression":{"enter":[null]},"ArrayPattern":{"enter":[null]},"ObjectExpression":{"enter":[null]},"FunctionDeclaration":{"enter":[null]},"FunctionExpression":{"enter":[null]},"ObjectMethod":{"enter":[null]},"ArrowFunctionExpression":{"enter":[null]},"ClassMethod":{"enter":[null]},"ClassPrivateMethod":{"enter":[null]},"ForInStatement":{"enter":[null]},"ForOfStatement":{"enter":[null]}},"options":{}},{"key":"transform-literals","visitor":{"NumericLiteral":{"enter":[null]},"StringLiteral":{"enter":[null]},"_exploded":true,"_verified":true},"options":{}},{"key":"transform-template-literals","visitor":{"TaggedTemplateExpression":{"enter":[null]},"TemplateLiteral":{"enter":[null]},"_exploded":true,"_verified":true},"options":{}},{"key":"transform-parameters","visitor":{"_exploded":true,"_verified":true,"FunctionDeclaration":{"enter":[null]},"FunctionExpression":{"enter":[null]},"ObjectMethod":{"enter":[null]},"ArrowFunctionExpression":{"enter":[null]},"ClassMethod":{"enter":[null]},"ClassPrivateMethod":{"enter":[null]}},"options":{}},{"key":"transform-exponentiation-operator","visitor":{"AssignmentExpression":{"enter":[null]},"BinaryExpression":{"enter":[null]},"_exploded":true,"_verified":true},"options":{}}],"presets":[],"generatorOpts":{"filename":"/home/ney/meteor/cadastro/packages/boilerplate-generator/template-web.browser.js","comments":true,"compact":false,"sourceMaps":true,"sourceFileName":"packages/boilerplate-generator/template-web.browser.js"}},"code":"module.export({\n  headTemplate: () => headTemplate,\n  closeTemplate: () => closeTemplate\n});\nlet template;\nmodule.link(\"./template\", {\n  default(v) {\n    template = v;\n  }\n\n}, 0);\n\nconst sri = (sri, mode) => sri && mode ? \" integrity=\\\"sha512-\".concat(sri, \"\\\" crossorigin=\\\"\").concat(mode, \"\\\"\") : '';\n\nconst headTemplate = (_ref) => {\n  let {\n    css,\n    htmlAttributes,\n    bundledJsCssUrlRewriteHook,\n    sriMode,\n    head,\n    dynamicHead\n  } = _ref;\n  var headSections = head.split(/<meteor-bundled-css[^<>]*>/, 2);\n  var cssBundle = [...(css || []).map(file => template('  <link rel=\"stylesheet\" type=\"text/css\" class=\"__meteor-css__\" href=\"<%- href %>\"<%= sri %>>')({\n    href: bundledJsCssUrlRewriteHook(file.url),\n    sri: sri(file.sri, sriMode)\n  }))].join('\\n');\n  return ['<html' + Object.keys(htmlAttributes || {}).map(key => template(' <%= attrName %>=\"<%- attrValue %>\"')({\n    attrName: key,\n    attrValue: htmlAttributes[key]\n  })).join('') + '>', '<head>', headSections.length === 1 ? [cssBundle, headSections[0]].join('\\n') : [headSections[0], cssBundle, headSections[1]].join('\\n'), dynamicHead, '</head>', '<body>'].join('\\n');\n};\n\nconst closeTemplate = (_ref2) => {\n  let {\n    meteorRuntimeConfig,\n    meteorRuntimeHash,\n    rootUrlPathPrefix,\n    inlineScriptsAllowed,\n    js,\n    additionalStaticJs,\n    bundledJsCssUrlRewriteHook,\n    sriMode\n  } = _ref2;\n  return ['', inlineScriptsAllowed ? template('  <script type=\"text/javascript\">__meteor_runtime_config__ = JSON.parse(decodeURIComponent(<%= conf %>))</script>')({\n    conf: meteorRuntimeConfig\n  }) : template('  <script type=\"text/javascript\" src=\"<%- src %>/meteor_runtime_config.js?hash=<%- hash %>\"></script>')({\n    src: rootUrlPathPrefix,\n    hash: meteorRuntimeHash\n  }), '', ...(js || []).map(file => template('  <script type=\"text/javascript\" src=\"<%- src %>\"<%= sri %>></script>')({\n    src: bundledJsCssUrlRewriteHook(file.url),\n    sri: sri(file.sri, sriMode)\n  })), ...(additionalStaticJs || []).map((_ref3) => {\n    let {\n      contents,\n      pathname\n    } = _ref3;\n    return inlineScriptsAllowed ? template('  <script><%= contents %></script>')({\n      contents\n    }) : template('  <script type=\"text/javascript\" src=\"<%- src %>\"></script>')({\n      src: rootUrlPathPrefix + pathname\n    });\n  }), '', '', '</body>', '</html>'].join('\\n');\n};","map":{"version":3,"sources":["packages/boilerplate-generator/template-web.browser.js"],"names":["module","export","headTemplate","closeTemplate","template","link","default","v","sri","mode","css","htmlAttributes","bundledJsCssUrlRewriteHook","sriMode","head","dynamicHead","headSections","split","cssBundle","map","file","href","url","join","Object","keys","key","attrName","attrValue","length","meteorRuntimeConfig","meteorRuntimeHash","rootUrlPathPrefix","inlineScriptsAllowed","js","additionalStaticJs","conf","src","hash","contents","pathname"],"mappings":"AAAAA,MAAM,CAACC,MAAP,CAAc;AAACC,EAAAA,YAAY,EAAC,MAAIA,YAAlB;AAA+BC,EAAAA,aAAa,EAAC,MAAIA;AAAjD,CAAd;AAA+E,IAAIC,QAAJ;AAAaJ,MAAM,CAACK,IAAP,CAAY,YAAZ,EAAyB;AAACC,EAAAA,OAAO,CAACC,CAAD,EAAG;AAACH,IAAAA,QAAQ,GAACG,CAAT;AAAW;;AAAvB,CAAzB,EAAkD,CAAlD;;AAE5F,MAAMC,GAAG,GAAG,CAACA,GAAD,EAAMC,IAAN,KACTD,GAAG,IAAIC,IAAR,iCAAsCD,GAAtC,8BAA2DC,IAA3D,UAAqE,EADvE;;AAGO,MAAMP,YAAY,GAAG,UAOtB;AAAA,MAPuB;AAC3BQ,IAAAA,GAD2B;AAE3BC,IAAAA,cAF2B;AAG3BC,IAAAA,0BAH2B;AAI3BC,IAAAA,OAJ2B;AAK3BC,IAAAA,IAL2B;AAM3BC,IAAAA;AAN2B,GAOvB;AACJ,MAAIC,YAAY,GAAGF,IAAI,CAACG,KAAL,CAAW,4BAAX,EAAyC,CAAzC,CAAnB;AACA,MAAIC,SAAS,GAAG,CAAC,GAAG,CAACR,GAAG,IAAI,EAAR,EAAYS,GAAZ,CAAgBC,IAAI,IACtChB,QAAQ,CAAC,+FAAD,CAAR,CAA0G;AACxGiB,IAAAA,IAAI,EAAET,0BAA0B,CAACQ,IAAI,CAACE,GAAN,CADwE;AAExGd,IAAAA,GAAG,EAAEA,GAAG,CAACY,IAAI,CAACZ,GAAN,EAAWK,OAAX;AAFgG,GAA1G,CADkB,CAAJ,EAKbU,IALa,CAKR,IALQ,CAAhB;AAOA,SAAO,CACL,UAAUC,MAAM,CAACC,IAAP,CAAYd,cAAc,IAAI,EAA9B,EAAkCQ,GAAlC,CACRO,GAAG,IAAItB,QAAQ,CAAC,qCAAD,CAAR,CAAgD;AACrDuB,IAAAA,QAAQ,EAAED,GAD2C;AAErDE,IAAAA,SAAS,EAAEjB,cAAc,CAACe,GAAD;AAF4B,GAAhD,CADC,EAKRH,IALQ,CAKH,EALG,CAAV,GAKa,GANR,EAQL,QARK,EAUJP,YAAY,CAACa,MAAb,KAAwB,CAAzB,GACI,CAACX,SAAD,EAAYF,YAAY,CAAC,CAAD,CAAxB,EAA6BO,IAA7B,CAAkC,IAAlC,CADJ,GAEI,CAACP,YAAY,CAAC,CAAD,CAAb,EAAkBE,SAAlB,EAA6BF,YAAY,CAAC,CAAD,CAAzC,EAA8CO,IAA9C,CAAmD,IAAnD,CAZC,EAcLR,WAdK,EAeL,SAfK,EAgBL,QAhBK,EAiBLQ,IAjBK,CAiBA,IAjBA,CAAP;AAkBD,CAlCM;;AAqCA,MAAMpB,aAAa,GAAG;AAAA,MAAC;AAC5B2B,IAAAA,mBAD4B;AAE5BC,IAAAA,iBAF4B;AAG5BC,IAAAA,iBAH4B;AAI5BC,IAAAA,oBAJ4B;AAK5BC,IAAAA,EAL4B;AAM5BC,IAAAA,kBAN4B;AAO5BvB,IAAAA,0BAP4B;AAQ5BC,IAAAA;AAR4B,GAAD;AAAA,SASvB,CACJ,EADI,EAEJoB,oBAAoB,GAChB7B,QAAQ,CAAC,mHAAD,CAAR,CAA8H;AAC9HgC,IAAAA,IAAI,EAAEN;AADwH,GAA9H,CADgB,GAIhB1B,QAAQ,CAAC,uGAAD,CAAR,CAAkH;AAClHiC,IAAAA,GAAG,EAAEL,iBAD6G;AAElHM,IAAAA,IAAI,EAAEP;AAF4G,GAAlH,CANA,EAUJ,EAVI,EAYJ,GAAG,CAACG,EAAE,IAAI,EAAP,EAAWf,GAAX,CAAeC,IAAI,IACpBhB,QAAQ,CAAC,uEAAD,CAAR,CAAkF;AAChFiC,IAAAA,GAAG,EAAEzB,0BAA0B,CAACQ,IAAI,CAACE,GAAN,CADiD;AAEhFd,IAAAA,GAAG,EAAEA,GAAG,CAACY,IAAI,CAACZ,GAAN,EAAWK,OAAX;AAFwE,GAAlF,CADC,CAZC,EAmBJ,GAAG,CAACsB,kBAAkB,IAAI,EAAvB,EAA2BhB,GAA3B,CAA+B;AAAA,QAAC;AAAEoB,MAAAA,QAAF;AAAYC,MAAAA;AAAZ,KAAD;AAAA,WAChCP,oBAAoB,GAChB7B,QAAQ,CAAC,oCAAD,CAAR,CAA+C;AAC/CmC,MAAAA;AAD+C,KAA/C,CADgB,GAIhBnC,QAAQ,CAAC,6DAAD,CAAR,CAAwE;AACxEiC,MAAAA,GAAG,EAAEL,iBAAiB,GAAGQ;AAD+C,KAAxE,CAL4B;AAAA,GAA/B,CAnBC,EA6BJ,EA7BI,EA8BJ,EA9BI,EA+BJ,SA/BI,EAgCJ,SAhCI,EAiCJjB,IAjCI,CAiCC,IAjCD,CATuB;AAAA,CAAtB","sourcesContent":["import template from './template';\n\nconst sri = (sri, mode) =>\n  (sri && mode) ? ` integrity=\"sha512-${sri}\" crossorigin=\"${mode}\"` : '';\n\nexport const headTemplate = ({\n  css,\n  htmlAttributes,\n  bundledJsCssUrlRewriteHook,\n  sriMode,\n  head,\n  dynamicHead,\n}) => {\n  var headSections = head.split(/<meteor-bundled-css[^<>]*>/, 2);\n  var cssBundle = [...(css || []).map(file =>\n    template('  <link rel=\"stylesheet\" type=\"text/css\" class=\"__meteor-css__\" href=\"<%- href %>\"<%= sri %>>')({\n      href: bundledJsCssUrlRewriteHook(file.url),\n      sri: sri(file.sri, sriMode),\n    })\n  )].join('\\n');\n\n  return [\n    '<html' + Object.keys(htmlAttributes || {}).map(\n      key => template(' <%= attrName %>=\"<%- attrValue %>\"')({\n        attrName: key,\n        attrValue: htmlAttributes[key],\n      })\n    ).join('') + '>',\n\n    '<head>',\n\n    (headSections.length === 1)\n      ? [cssBundle, headSections[0]].join('\\n')\n      : [headSections[0], cssBundle, headSections[1]].join('\\n'),\n\n    dynamicHead,\n    '</head>',\n    '<body>',\n  ].join('\\n');\n};\n\n// Template function for rendering the boilerplate html for browsers\nexport const closeTemplate = ({\n  meteorRuntimeConfig,\n  meteorRuntimeHash,\n  rootUrlPathPrefix,\n  inlineScriptsAllowed,\n  js,\n  additionalStaticJs,\n  bundledJsCssUrlRewriteHook,\n  sriMode,\n}) => [\n  '',\n  inlineScriptsAllowed\n    ? template('  <script type=\"text/javascript\">__meteor_runtime_config__ = JSON.parse(decodeURIComponent(<%= conf %>))</script>')({\n      conf: meteorRuntimeConfig,\n    })\n    : template('  <script type=\"text/javascript\" src=\"<%- src %>/meteor_runtime_config.js?hash=<%- hash %>\"></script>')({\n      src: rootUrlPathPrefix,\n      hash: meteorRuntimeHash,\n    }),\n  '',\n\n  ...(js || []).map(file =>\n    template('  <script type=\"text/javascript\" src=\"<%- src %>\"<%= sri %>></script>')({\n      src: bundledJsCssUrlRewriteHook(file.url),\n      sri: sri(file.sri, sriMode),\n    })\n  ),\n\n  ...(additionalStaticJs || []).map(({ contents, pathname }) => (\n    inlineScriptsAllowed\n      ? template('  <script><%= contents %></script>')({\n        contents,\n      })\n      : template('  <script type=\"text/javascript\" src=\"<%- src %>\"></script>')({\n        src: rootUrlPathPrefix + pathname,\n      })\n  )),\n\n  '',\n  '',\n  '</body>',\n  '</html>'\n].join('\\n');\n"]},"sourceType":"module","hash":"d2f0a28980cb6b10cd6202edc3ccc33a6fdd1849"}
