{"metadata":{},"options":{"compact":false,"sourceMaps":true,"ast":true,"babelrc":false,"configFile":false,"parserOpts":{"sourceType":"module","sourceFileName":"/home/ney/meteor/cadastro/packages/mongo/remote_collection_driver.js","plugins":["*","flow","jsx","asyncGenerators","bigInt","classPrivateMethods","classPrivateProperties","classProperties","doExpressions","dynamicImport","exportDefaultFrom","exportExtensions","exportNamespaceFrom","functionBind","functionSent","importMeta","nullishCoalescingOperator","numericSeparator","objectRestSpread","optionalCatchBinding","optionalChaining",["pipelineOperator",{"proposal":"minimal"}],"throwExpressions","objectRestSpread","objectRestSpread","asyncGenerators","classProperties","classPrivateProperties","jsx","nullishCoalescingOperator","nullishCoalescingOperator","optionalChaining","optionalChaining","optionalCatchBinding","optionalCatchBinding","classProperties","classPrivateProperties","classPrivateMethods","classProperties","classPrivateProperties","asyncGenerators","asyncGenerators","objectRestSpread","objectRestSpread"],"allowImportExportEverywhere":true,"allowReturnOutsideFunction":true,"allowUndeclaredExports":true,"strictMode":false},"caller":{"name":"meteor","arch":"os.linux.x86_64"},"sourceFileName":"packages/mongo/remote_collection_driver.js","filename":"/home/ney/meteor/cadastro/packages/mongo/remote_collection_driver.js","cloneInputAst":true,"passPerPreset":false,"envName":"development","cwd":"/home/ney/meteor/cadastro","root":"/home/ney/meteor/cadastro","plugins":[{"key":"base$0","visitor":{"_exploded":true,"_verified":true},"options":{}},{"key":"base$0$0","visitor":{"Program":{"enter":[null],"exit":[null]},"_exploded":true,"_verified":true},"options":{"avoidModernSyntax":false,"enforceStrictMode":false,"dynamicImport":true,"generateLetDeclarations":true}},{"key":"transform-runtime","visitor":{"CallExpression":{"enter":[null]},"BinaryExpression":{"enter":[null]},"MemberExpression":{"enter":[null],"exit":[null]},"_exploded":true,"_verified":true,"Identifier":{"enter":[null]},"JSXIdentifier":{"enter":[null]}},"options":{"version":"7.12.5","helpers":true,"useESModules":false,"corejs":false}},{"key":"syntax-object-rest-spread","visitor":{"_exploded":true,"_verified":true},"options":{}},{"key":"proposal-object-rest-spread","visitor":{"_exploded":{},"_verified":{},"VariableDeclarator":{"enter":[null]},"ExportNamedDeclaration":{"enter":[null]},"CatchClause":{"enter":[null]},"AssignmentExpression":{"enter":[null]},"ArrayPattern":{"enter":[null]},"ObjectExpression":{"enter":[null]},"FunctionDeclaration":{"enter":[null]},"FunctionExpression":{"enter":[null]},"ObjectMethod":{"enter":[null]},"ArrowFunctionExpression":{"enter":[null]},"ClassMethod":{"enter":[null]},"ClassPrivateMethod":{"enter":[null]},"ForInStatement":{"enter":[null]},"ForOfStatement":{"enter":[null]}},"options":{}},{"key":"transform-meteor-async-await","visitor":{"AwaitExpression":{"enter":[null]},"_exploded":true,"_verified":true,"FunctionDeclaration":{"exit":[null]},"FunctionExpression":{"exit":[null]},"ObjectMethod":{"exit":[null]},"ArrowFunctionExpression":{"exit":[null]},"ClassMethod":{"exit":[null]},"ClassPrivateMethod":{"exit":[null]}},"options":{"useNativeAsyncAwait":false}},{"key":"proposal-async-generator-functions","visitor":{"_exploded":{},"_verified":{},"Program":{"enter":[null]}},"options":{}},{"key":"proposal-class-properties","visitor":{"PrivateName":{"enter":[null]},"ExportDefaultDeclaration":{"enter":[null]},"_exploded":true,"_verified":true,"ClassExpression":{"enter":[null]},"ClassDeclaration":{"enter":[null]}},"options":{"loose":true}},{"key":"transform-react-jsx","visitor":{"_exploded":{},"_verified":{},"JSXNamespacedName":{"enter":[null]},"JSXSpreadChild":{"enter":[null]},"Program":{"enter":[null]},"JSXElement":{"exit":[null]},"JSXFragment":{"exit":[null]},"JSXAttribute":{"enter":[null]}},"options":{"pragma":"React.createElement","pragmaFrag":"React.Fragment","runtime":"classic","throwIfNamespace":true,"useBuiltIns":false}},{"key":"transform-react-display-name","visitor":{"ExportDefaultDeclaration":{"enter":[null]},"CallExpression":{"enter":[null]},"_exploded":true,"_verified":true},"options":{}},{"key":"transform-react-pure-annotations","visitor":{"CallExpression":{"enter":[null]},"_exploded":true,"_verified":true},"options":{}},{"key":"syntax-nullish-coalescing-operator","visitor":{"_exploded":true,"_verified":true},"options":{}},{"key":"proposal-nullish-coalescing-operator","visitor":{"_exploded":{},"_verified":{},"LogicalExpression":{"enter":[null]}},"options":{}},{"key":"syntax-optional-chaining","visitor":{"_exploded":true,"_verified":true},"options":{}},{"key":"proposal-optional-chaining","visitor":{"_exploded":{},"_verified":{},"OptionalCallExpression":{"enter":[null]},"OptionalMemberExpression":{"enter":[null]}},"options":{}},{"key":"syntax-optional-catch-binding","visitor":{"_exploded":true,"_verified":true},"options":{}},{"key":"proposal-optional-catch-binding","visitor":{"_exploded":{},"_verified":{},"CatchClause":{"enter":[null]}},"options":{}},{"key":"syntax-class-properties","visitor":{"_exploded":true,"_verified":true},"options":{}},{"key":"proposal-class-properties","visitor":{"PrivateName":{"enter":[null]},"ExportDefaultDeclaration":{"enter":[null]},"_exploded":true,"_verified":true,"ClassExpression":{"enter":[null]},"ClassDeclaration":{"enter":[null]}},"options":{}},{"key":"syntax-async-generators","visitor":{"_exploded":true,"_verified":true},"options":{}},{"key":"proposal-async-generator-functions","visitor":{"_exploded":{},"_verified":{},"Program":{"enter":[null]}},"options":{}},{"key":"syntax-object-rest-spread","visitor":{"_exploded":true,"_verified":true},"options":{}},{"key":"proposal-object-rest-spread","visitor":{"_exploded":{},"_verified":{},"VariableDeclarator":{"enter":[null]},"ExportNamedDeclaration":{"enter":[null]},"CatchClause":{"enter":[null]},"AssignmentExpression":{"enter":[null]},"ArrayPattern":{"enter":[null]},"ObjectExpression":{"enter":[null]},"FunctionDeclaration":{"enter":[null]},"FunctionExpression":{"enter":[null]},"ObjectMethod":{"enter":[null]},"ArrowFunctionExpression":{"enter":[null]},"ClassMethod":{"enter":[null]},"ClassPrivateMethod":{"enter":[null]},"ForInStatement":{"enter":[null]},"ForOfStatement":{"enter":[null]}},"options":{}},{"key":"transform-literals","visitor":{"NumericLiteral":{"enter":[null]},"StringLiteral":{"enter":[null]},"_exploded":true,"_verified":true},"options":{}},{"key":"transform-template-literals","visitor":{"TaggedTemplateExpression":{"enter":[null]},"TemplateLiteral":{"enter":[null]},"_exploded":true,"_verified":true},"options":{}},{"key":"transform-parameters","visitor":{"_exploded":true,"_verified":true,"FunctionDeclaration":{"enter":[null]},"FunctionExpression":{"enter":[null]},"ObjectMethod":{"enter":[null]},"ArrowFunctionExpression":{"enter":[null]},"ClassMethod":{"enter":[null]},"ClassPrivateMethod":{"enter":[null]}},"options":{}},{"key":"transform-exponentiation-operator","visitor":{"AssignmentExpression":{"enter":[null]},"BinaryExpression":{"enter":[null]},"_exploded":true,"_verified":true},"options":{}}],"presets":[],"generatorOpts":{"filename":"/home/ney/meteor/cadastro/packages/mongo/remote_collection_driver.js","comments":true,"compact":false,"sourceMaps":true,"sourceFileName":"packages/mongo/remote_collection_driver.js"}},"code":"MongoInternals.RemoteCollectionDriver = function (mongo_url, options) {\n  var self = this;\n  self.mongo = new MongoConnection(mongo_url, options);\n};\n\n_.extend(MongoInternals.RemoteCollectionDriver.prototype, {\n  open: function (name) {\n    var self = this;\n    var ret = {};\n\n    _.each(['find', 'findOne', 'insert', 'update', 'upsert', 'remove', '_ensureIndex', '_dropIndex', '_createCappedCollection', 'dropCollection', 'rawCollection'], function (m) {\n      ret[m] = _.bind(self.mongo[m], self.mongo, name);\n    });\n\n    return ret;\n  }\n}); // Create the singleton RemoteCollectionDriver only on demand, so we\n// only require Mongo configuration if it's actually used (eg, not if\n// you're only trying to receive data from a remote DDP server.)\n\n\nMongoInternals.defaultRemoteCollectionDriver = _.once(function () {\n  var connectionOptions = {};\n  var mongoUrl = process.env.MONGO_URL;\n\n  if (process.env.MONGO_OPLOG_URL) {\n    connectionOptions.oplogUrl = process.env.MONGO_OPLOG_URL;\n  }\n\n  if (!mongoUrl) throw new Error(\"MONGO_URL must be set in environment\");\n  return new MongoInternals.RemoteCollectionDriver(mongoUrl, connectionOptions);\n});","map":{"version":3,"sources":["packages/mongo/remote_collection_driver.js"],"names":["MongoInternals","RemoteCollectionDriver","mongo_url","options","self","mongo","MongoConnection","_","extend","prototype","open","name","ret","each","m","bind","defaultRemoteCollectionDriver","once","connectionOptions","mongoUrl","process","env","MONGO_URL","MONGO_OPLOG_URL","oplogUrl","Error"],"mappings":"AAAAA,cAAc,CAACC,sBAAf,GAAwC,UACtCC,SADsC,EAC3BC,OAD2B,EAClB;AACpB,MAAIC,IAAI,GAAG,IAAX;AACAA,EAAAA,IAAI,CAACC,KAAL,GAAa,IAAIC,eAAJ,CAAoBJ,SAApB,EAA+BC,OAA/B,CAAb;AACD,CAJD;;AAMAI,CAAC,CAACC,MAAF,CAASR,cAAc,CAACC,sBAAf,CAAsCQ,SAA/C,EAA0D;AACxDC,EAAAA,IAAI,EAAE,UAAUC,IAAV,EAAgB;AACpB,QAAIP,IAAI,GAAG,IAAX;AACA,QAAIQ,GAAG,GAAG,EAAV;;AACAL,IAAAA,CAAC,CAACM,IAAF,CACE,CAAC,MAAD,EAAS,SAAT,EAAoB,QAApB,EAA8B,QAA9B,EAAwC,QAAxC,EACC,QADD,EACW,cADX,EAC2B,YAD3B,EACyC,yBADzC,EAEC,gBAFD,EAEmB,eAFnB,CADF,EAIE,UAAUC,CAAV,EAAa;AACXF,MAAAA,GAAG,CAACE,CAAD,CAAH,GAASP,CAAC,CAACQ,IAAF,CAAOX,IAAI,CAACC,KAAL,CAAWS,CAAX,CAAP,EAAsBV,IAAI,CAACC,KAA3B,EAAkCM,IAAlC,CAAT;AACD,KANH;;AAOA,WAAOC,GAAP;AACD;AAZuD,CAA1D,E,CAgBA;AACA;AACA;;;AACAZ,cAAc,CAACgB,6BAAf,GAA+CT,CAAC,CAACU,IAAF,CAAO,YAAY;AAChE,MAAIC,iBAAiB,GAAG,EAAxB;AAEA,MAAIC,QAAQ,GAAGC,OAAO,CAACC,GAAR,CAAYC,SAA3B;;AAEA,MAAIF,OAAO,CAACC,GAAR,CAAYE,eAAhB,EAAiC;AAC/BL,IAAAA,iBAAiB,CAACM,QAAlB,GAA6BJ,OAAO,CAACC,GAAR,CAAYE,eAAzC;AACD;;AAED,MAAI,CAAEJ,QAAN,EACE,MAAM,IAAIM,KAAJ,CAAU,sCAAV,CAAN;AAEF,SAAO,IAAIzB,cAAc,CAACC,sBAAnB,CAA0CkB,QAA1C,EAAoDD,iBAApD,CAAP;AACD,CAb8C,CAA/C","sourcesContent":["MongoInternals.RemoteCollectionDriver = function (\n  mongo_url, options) {\n  var self = this;\n  self.mongo = new MongoConnection(mongo_url, options);\n};\n\n_.extend(MongoInternals.RemoteCollectionDriver.prototype, {\n  open: function (name) {\n    var self = this;\n    var ret = {};\n    _.each(\n      ['find', 'findOne', 'insert', 'update', 'upsert',\n       'remove', '_ensureIndex', '_dropIndex', '_createCappedCollection',\n       'dropCollection', 'rawCollection'],\n      function (m) {\n        ret[m] = _.bind(self.mongo[m], self.mongo, name);\n      });\n    return ret;\n  }\n});\n\n\n// Create the singleton RemoteCollectionDriver only on demand, so we\n// only require Mongo configuration if it's actually used (eg, not if\n// you're only trying to receive data from a remote DDP server.)\nMongoInternals.defaultRemoteCollectionDriver = _.once(function () {\n  var connectionOptions = {};\n\n  var mongoUrl = process.env.MONGO_URL;\n\n  if (process.env.MONGO_OPLOG_URL) {\n    connectionOptions.oplogUrl = process.env.MONGO_OPLOG_URL;\n  }\n\n  if (! mongoUrl)\n    throw new Error(\"MONGO_URL must be set in environment\");\n\n  return new MongoInternals.RemoteCollectionDriver(mongoUrl, connectionOptions);\n});\n"]},"sourceType":"module","hash":"e4eec6f55f1ccae8642dbc6fb74c22579ed5350a"}
