{"metadata":{},"options":{"compact":false,"sourceMaps":true,"ast":true,"babelrc":false,"configFile":false,"parserOpts":{"sourceType":"module","sourceFileName":"/home/ney/meteor/cadastro/packages/ddp-common/random_stream.js","plugins":["*","flow","jsx","asyncGenerators","bigInt","classPrivateMethods","classPrivateProperties","classProperties","doExpressions","dynamicImport","exportDefaultFrom","exportExtensions","exportNamespaceFrom","functionBind","functionSent","importMeta","nullishCoalescingOperator","numericSeparator","objectRestSpread","optionalCatchBinding","optionalChaining",["pipelineOperator",{"proposal":"minimal"}],"throwExpressions","classProperties","classPrivateProperties","jsx","nullishCoalescingOperator","nullishCoalescingOperator","optionalChaining","optionalChaining","optionalCatchBinding","optionalCatchBinding","classProperties","classPrivateProperties","classPrivateMethods","classProperties","classPrivateProperties","asyncGenerators","asyncGenerators","objectRestSpread","objectRestSpread"],"allowImportExportEverywhere":true,"allowReturnOutsideFunction":true,"allowUndeclaredExports":true,"strictMode":false},"caller":{"name":"meteor","arch":"web.browser.legacy"},"sourceFileName":"packages/ddp-common/random_stream.js","filename":"/home/ney/meteor/cadastro/packages/ddp-common/random_stream.js","cloneInputAst":true,"passPerPreset":false,"envName":"development","cwd":"/home/ney/meteor/cadastro","root":"/home/ney/meteor/cadastro","plugins":[{"key":"base$0","visitor":{"_exploded":true,"_verified":true},"options":{}},{"key":"base$0$0","visitor":{"Program":{"enter":[null],"exit":[null]},"_exploded":true,"_verified":true},"options":{"avoidModernSyntax":true,"enforceStrictMode":false,"dynamicImport":true}},{"key":"transform-runtime","visitor":{"CallExpression":{"enter":[null]},"BinaryExpression":{"enter":[null]},"MemberExpression":{"enter":[null],"exit":[null]},"_exploded":true,"_verified":true,"Identifier":{"enter":[null]},"JSXIdentifier":{"enter":[null]}},"options":{"version":"7.12.5","helpers":true,"useESModules":false,"corejs":false}},{"key":"proposal-class-properties","visitor":{"PrivateName":{"enter":[null]},"ExportDefaultDeclaration":{"enter":[null]},"_exploded":true,"_verified":true,"ClassExpression":{"enter":[null]},"ClassDeclaration":{"enter":[null]}},"options":{"loose":true}},{"key":"base$0$3","visitor":{"FunctionExpression":{"exit":[null]},"_exploded":true,"_verified":true},"options":{}},{"key":"base$0$4","visitor":{"ForInStatement":{"enter":[null]},"_exploded":true,"_verified":true},"options":{}},{"key":"transform-react-jsx","visitor":{"_exploded":{},"_verified":{},"JSXNamespacedName":{"enter":[null]},"JSXSpreadChild":{"enter":[null]},"Program":{"enter":[null]},"JSXElement":{"exit":[null]},"JSXFragment":{"exit":[null]},"JSXAttribute":{"enter":[null]}},"options":{"pragma":"React.createElement","pragmaFrag":"React.Fragment","runtime":"classic","throwIfNamespace":true,"useBuiltIns":false}},{"key":"transform-react-display-name","visitor":{"ExportDefaultDeclaration":{"enter":[null]},"CallExpression":{"enter":[null]},"_exploded":true,"_verified":true},"options":{}},{"key":"transform-react-pure-annotations","visitor":{"CallExpression":{"enter":[null]},"_exploded":true,"_verified":true},"options":{}},{"key":"syntax-nullish-coalescing-operator","visitor":{"_exploded":true,"_verified":true},"options":{}},{"key":"proposal-nullish-coalescing-operator","visitor":{"_exploded":{},"_verified":{},"LogicalExpression":{"enter":[null]}},"options":{}},{"key":"syntax-optional-chaining","visitor":{"_exploded":true,"_verified":true},"options":{}},{"key":"proposal-optional-chaining","visitor":{"_exploded":{},"_verified":{},"OptionalCallExpression":{"enter":[null]},"OptionalMemberExpression":{"enter":[null]}},"options":{}},{"key":"syntax-optional-catch-binding","visitor":{"_exploded":true,"_verified":true},"options":{}},{"key":"proposal-optional-catch-binding","visitor":{"_exploded":{},"_verified":{},"CatchClause":{"enter":[null]}},"options":{}},{"key":"syntax-class-properties","visitor":{"_exploded":true,"_verified":true},"options":{}},{"key":"proposal-class-properties","visitor":{"PrivateName":{"enter":[null]},"ExportDefaultDeclaration":{"enter":[null]},"_exploded":true,"_verified":true,"ClassExpression":{"enter":[null]},"ClassDeclaration":{"enter":[null]}},"options":{}},{"key":"syntax-async-generators","visitor":{"_exploded":true,"_verified":true},"options":{}},{"key":"proposal-async-generator-functions","visitor":{"_exploded":{},"_verified":{},"Program":{"enter":[null]}},"options":{}},{"key":"syntax-object-rest-spread","visitor":{"_exploded":true,"_verified":true},"options":{}},{"key":"proposal-object-rest-spread","visitor":{"_exploded":{},"_verified":{},"VariableDeclarator":{"enter":[null]},"ExportNamedDeclaration":{"enter":[null]},"CatchClause":{"enter":[null]},"AssignmentExpression":{"enter":[null]},"ArrayPattern":{"enter":[null]},"ObjectExpression":{"enter":[null]},"FunctionDeclaration":{"enter":[null]},"FunctionExpression":{"enter":[null]},"ObjectMethod":{"enter":[null]},"ArrowFunctionExpression":{"enter":[null]},"ClassMethod":{"enter":[null]},"ClassPrivateMethod":{"enter":[null]},"ForInStatement":{"enter":[null]},"ForOfStatement":{"enter":[null]}},"options":{}},{"key":"transform-arrow-functions","visitor":{"ArrowFunctionExpression":{"enter":[null]},"_exploded":true,"_verified":true},"options":{}},{"key":"transform-block-scoped-functions","visitor":{"BlockStatement":{"enter":[null]},"SwitchCase":{"enter":[null]},"_exploded":true,"_verified":true},"options":{}},{"key":"transform-block-scoping","visitor":{"VariableDeclaration":{"enter":[null]},"CatchClause":{"enter":[null]},"_exploded":true,"BlockStatement":{"enter":[null]},"SwitchStatement":{"enter":[null]},"Program":{"enter":[null]},"_verified":true,"DoWhileStatement":{"enter":[null]},"ForInStatement":{"enter":[null]},"ForStatement":{"enter":[null]},"WhileStatement":{"enter":[null]},"ForOfStatement":{"enter":[null]}},"options":{}},{"key":"transform-classes","visitor":{"ExportDefaultDeclaration":{"enter":[null]},"ClassDeclaration":{"enter":[null]},"ClassExpression":{"enter":[null]},"_exploded":true,"_verified":true},"options":{"loose":true}},{"key":"transform-computed-properties","visitor":{"ObjectExpression":{"exit":[null]},"_exploded":true,"_verified":true},"options":{"loose":true}},{"key":"transform-destructuring","visitor":{"ExportNamedDeclaration":{"enter":[null]},"CatchClause":{"enter":[null]},"AssignmentExpression":{"enter":[null]},"VariableDeclaration":{"enter":[null]},"_exploded":true,"_verified":true,"ForInStatement":{"enter":[null]},"ForOfStatement":{"enter":[null]}},"options":{}},{"key":"transform-for-of","visitor":{"ForOfStatement":{"enter":[null]},"_exploded":true,"_verified":true},"options":{"loose":true}},{"key":"transform-literals","visitor":{"NumericLiteral":{"enter":[null]},"StringLiteral":{"enter":[null]},"_exploded":true,"_verified":true},"options":{}},{"key":"transform-object-super","visitor":{"ObjectExpression":{"enter":[null]},"_exploded":true,"_verified":true},"options":{}},{"key":"transform-parameters","visitor":{"_exploded":true,"_verified":true,"FunctionDeclaration":{"enter":[null]},"FunctionExpression":{"enter":[null]},"ObjectMethod":{"enter":[null]},"ArrowFunctionExpression":{"enter":[null]},"ClassMethod":{"enter":[null]},"ClassPrivateMethod":{"enter":[null]}},"options":{}},{"key":"transform-shorthand-properties","visitor":{"ObjectMethod":{"enter":[null]},"ObjectProperty":{"enter":[null]},"_exploded":true,"_verified":true},"options":{}},{"key":"transform-spread","visitor":{"ArrayExpression":{"enter":[null]},"CallExpression":{"enter":[null]},"NewExpression":{"enter":[null]},"_exploded":true,"_verified":true},"options":{}},{"key":"transform-sticky-regex","visitor":{"RegExpLiteral":{"enter":[null]},"_exploded":true,"_verified":true},"options":{}},{"key":"transform-template-literals","visitor":{"TaggedTemplateExpression":{"enter":[null]},"TemplateLiteral":{"enter":[null]},"_exploded":true,"_verified":true},"options":{"loose":true}},{"key":"transform-typeof-symbol","visitor":{"UnaryExpression":{"enter":[null]},"_exploded":true,"_verified":true,"BlockStatement":{"enter":[null]},"CatchClause":{"enter":[null]},"DoWhileStatement":{"enter":[null]},"ForInStatement":{"enter":[null]},"ForStatement":{"enter":[null]},"FunctionDeclaration":{"enter":[null]},"FunctionExpression":{"enter":[null]},"Program":{"enter":[null]},"ObjectMethod":{"enter":[null]},"SwitchStatement":{"enter":[null]},"WhileStatement":{"enter":[null]},"ArrowFunctionExpression":{"enter":[null]},"ClassExpression":{"enter":[null]},"ClassDeclaration":{"enter":[null]},"ForOfStatement":{"enter":[null]},"ClassMethod":{"enter":[null]},"ClassPrivateMethod":{"enter":[null]},"StaticBlock":{"enter":[null]},"TSModuleBlock":{"enter":[null]},"AssignmentPattern":{"enter":[null]},"ArrayPattern":{"enter":[null]},"ObjectPattern":{"enter":[null]}},"options":{}},{"key":"transform-unicode-regex","visitor":{"RegExpLiteral":{"enter":[null]},"_exploded":true,"_verified":true},"options":{}},{"key":"transform-property-literals","visitor":{"ObjectProperty":{"exit":[null]},"_exploded":true,"_verified":true},"options":{}},{"key":"transform-exponentiation-operator","visitor":{"AssignmentExpression":{"enter":[null]},"BinaryExpression":{"enter":[null]},"_exploded":true,"_verified":true},"options":{}},{"key":"regenerator-transform","visitor":{"_exploded":true,"_verified":true,"ObjectMethod":{"enter":[null],"exit":[null]},"ClassMethod":{"enter":[null],"exit":[null]},"ClassPrivateMethod":{"enter":[null],"exit":[null]},"FunctionDeclaration":{"exit":[null]},"FunctionExpression":{"exit":[null]},"ArrowFunctionExpression":{"exit":[null]}},"options":{}}],"presets":[],"generatorOpts":{"filename":"/home/ney/meteor/cadastro/packages/ddp-common/random_stream.js","comments":true,"compact":false,"sourceMaps":true,"sourceFileName":"packages/ddp-common/random_stream.js"}},"code":"// RandomStream allows for generation of pseudo-random values, from a seed.\n//\n// We use this for consistent 'random' numbers across the client and server.\n// We want to generate probably-unique IDs on the client, and we ideally want\n// the server to generate the same IDs when it executes the method.\n//\n// For generated values to be the same, we must seed ourselves the same way,\n// and we must keep track of the current state of our pseudo-random generators.\n// We call this state the scope. By default, we use the current DDP method\n// invocation as our scope.  DDP now allows the client to specify a randomSeed.\n// If a randomSeed is provided it will be used to seed our random sequences.\n// In this way, client and server method calls will generate the same values.\n//\n// We expose multiple named streams; each stream is independent\n// and is seeded differently (but predictably from the name).\n// By using multiple streams, we support reordering of requests,\n// as long as they occur on different streams.\n//\n// @param options {Optional Object}\n//   seed: Array or value - Seed value(s) for the generator.\n//                          If an array, will be used as-is\n//                          If a value, will be converted to a single-value array\n//                          If omitted, a random array will be used as the seed.\nDDPCommon.RandomStream = /*#__PURE__*/function () {\n  function RandomStream(options) {\n    this.seed = [].concat(options.seed || randomToken());\n    this.sequences = Object.create(null);\n  } // Get a random sequence with the specified name, creating it if does not exist.\n  // New sequences are seeded with the seed concatenated with the name.\n  // By passing a seed into Random.create, we use the Alea generator.\n\n\n  var _proto = RandomStream.prototype;\n\n  _proto._sequence = function () {\n    function _sequence(name) {\n      var self = this;\n      var sequence = self.sequences[name] || null;\n\n      if (sequence === null) {\n        var sequenceSeed = self.seed.concat(name);\n\n        for (var i = 0; i < sequenceSeed.length; i++) {\n          if (typeof sequenceSeed[i] === \"function\") {\n            sequenceSeed[i] = sequenceSeed[i]();\n          }\n        }\n\n        self.sequences[name] = sequence = Random.createWithSeeds.apply(null, sequenceSeed);\n      }\n\n      return sequence;\n    }\n\n    return _sequence;\n  }();\n\n  return RandomStream;\n}(); // Returns a random string of sufficient length for a random seed.\n// This is a placeholder function; a similar function is planned\n// for Random itself; when that is added we should remove this function,\n// and call Random's randomToken instead.\n\n\nfunction randomToken() {\n  return Random.hexString(20);\n}\n\n; // Returns the random stream with the specified name, in the specified\n// scope. If a scope is passed, then we use that to seed a (not\n// cryptographically secure) PRNG using the fast Alea algorithm.  If\n// scope is null (or otherwise falsey) then we use a generated seed.\n//\n// However, scope will normally be the current DDP method invocation,\n// so we'll use the stream with the specified name, and we should get\n// consistent values on the client and server sides of a method call.\n\nDDPCommon.RandomStream.get = function (scope, name) {\n  if (!name) {\n    name = \"default\";\n  }\n\n  if (!scope) {\n    // There was no scope passed in; the sequence won't actually be\n    // reproducible. but make it fast (and not cryptographically\n    // secure) anyways, so that the behavior is similar to what you'd\n    // get by passing in a scope.\n    return Random.insecure;\n  }\n\n  var randomStream = scope.randomStream;\n\n  if (!randomStream) {\n    scope.randomStream = randomStream = new DDPCommon.RandomStream({\n      seed: scope.randomSeed\n    });\n  }\n\n  return randomStream._sequence(name);\n}; // Creates a randomSeed for passing to a method call.\n// Note that we take enclosing as an argument,\n// though we expect it to be DDP._CurrentMethodInvocation.get()\n// However, we often evaluate makeRpcSeed lazily, and thus the relevant\n// invocation may not be the one currently in scope.\n// If enclosing is null, we'll use Random and values won't be repeatable.\n\n\nDDPCommon.makeRpcSeed = function (enclosing, methodName) {\n  var stream = DDPCommon.RandomStream.get(enclosing, '/rpc/' + methodName);\n  return stream.hexString(20);\n};","map":{"version":3,"sources":["packages/ddp-common/random_stream.js"],"names":["DDPCommon","RandomStream","options","seed","concat","randomToken","sequences","Object","create","_sequence","name","self","sequence","sequenceSeed","i","length","Random","createWithSeeds","apply","hexString","get","scope","insecure","randomStream","randomSeed","makeRpcSeed","enclosing","methodName","stream"],"mappings":"AAAA;AACA;AACA;AACA;AACA;AACA;AACA;AACA;AACA;AACA;AACA;AACA;AACA;AACA;AACA;AACA;AACA;AACA;AACA;AACA;AACA;AACA;AACA;AACAA,SAAS,CAACC,YAAV;AACE,wBAAYC,OAAZ,EAAqB;AACnB,SAAKC,IAAL,GAAY,GAAGC,MAAH,CAAUF,OAAO,CAACC,IAAR,IAAgBE,WAAW,EAArC,CAAZ;AACA,SAAKC,SAAL,GAAiBC,MAAM,CAACC,MAAP,CAAc,IAAd,CAAjB;AACD,GAJH,CAME;AACA;AACA;;;AARF;;AAAA,SASEC,SATF;AASE,uBAAUC,IAAV,EAAgB;AACd,UAAIC,IAAI,GAAG,IAAX;AAEA,UAAIC,QAAQ,GAAGD,IAAI,CAACL,SAAL,CAAeI,IAAf,KAAwB,IAAvC;;AACA,UAAIE,QAAQ,KAAK,IAAjB,EAAuB;AACrB,YAAIC,YAAY,GAAGF,IAAI,CAACR,IAAL,CAAUC,MAAV,CAAiBM,IAAjB,CAAnB;;AACA,aAAK,IAAII,CAAC,GAAG,CAAb,EAAgBA,CAAC,GAAGD,YAAY,CAACE,MAAjC,EAAyCD,CAAC,EAA1C,EAA8C;AAC5C,cAAI,OAAOD,YAAY,CAACC,CAAD,CAAnB,KAA2B,UAA/B,EAA2C;AACzCD,YAAAA,YAAY,CAACC,CAAD,CAAZ,GAAkBD,YAAY,CAACC,CAAD,CAAZ,EAAlB;AACD;AACF;;AACDH,QAAAA,IAAI,CAACL,SAAL,CAAeI,IAAf,IAAuBE,QAAQ,GAAGI,MAAM,CAACC,eAAP,CAAuBC,KAAvB,CAA6B,IAA7B,EAAmCL,YAAnC,CAAlC;AACD;;AACD,aAAOD,QAAP;AACD;;AAvBH;AAAA;;AAAA;AAAA,I,CA0BA;AACA;AACA;AACA;;;AACA,SAASP,WAAT,GAAuB;AACrB,SAAOW,MAAM,CAACG,SAAP,CAAiB,EAAjB,CAAP;AACD;;AAAA,C,CAED;AACA;AACA;AACA;AACA;AACA;AACA;AACA;;AACAnB,SAAS,CAACC,YAAV,CAAuBmB,GAAvB,GAA6B,UAAUC,KAAV,EAAiBX,IAAjB,EAAuB;AAClD,MAAI,CAACA,IAAL,EAAW;AACTA,IAAAA,IAAI,GAAG,SAAP;AACD;;AACD,MAAI,CAACW,KAAL,EAAY;AACV;AACA;AACA;AACA;AACA,WAAOL,MAAM,CAACM,QAAd;AACD;;AACD,MAAIC,YAAY,GAAGF,KAAK,CAACE,YAAzB;;AACA,MAAI,CAACA,YAAL,EAAmB;AACjBF,IAAAA,KAAK,CAACE,YAAN,GAAqBA,YAAY,GAAG,IAAIvB,SAAS,CAACC,YAAd,CAA2B;AAC7DE,MAAAA,IAAI,EAAEkB,KAAK,CAACG;AADiD,KAA3B,CAApC;AAGD;;AACD,SAAOD,YAAY,CAACd,SAAb,CAAuBC,IAAvB,CAAP;AACD,CAlBD,C,CAoBA;AACA;AACA;AACA;AACA;AACA;;;AACAV,SAAS,CAACyB,WAAV,GAAwB,UAAUC,SAAV,EAAqBC,UAArB,EAAiC;AACvD,MAAIC,MAAM,GAAG5B,SAAS,CAACC,YAAV,CAAuBmB,GAAvB,CAA2BM,SAA3B,EAAsC,UAAUC,UAAhD,CAAb;AACA,SAAOC,MAAM,CAACT,SAAP,CAAiB,EAAjB,CAAP;AACD,CAHD","sourcesContent":["// RandomStream allows for generation of pseudo-random values, from a seed.\n//\n// We use this for consistent 'random' numbers across the client and server.\n// We want to generate probably-unique IDs on the client, and we ideally want\n// the server to generate the same IDs when it executes the method.\n//\n// For generated values to be the same, we must seed ourselves the same way,\n// and we must keep track of the current state of our pseudo-random generators.\n// We call this state the scope. By default, we use the current DDP method\n// invocation as our scope.  DDP now allows the client to specify a randomSeed.\n// If a randomSeed is provided it will be used to seed our random sequences.\n// In this way, client and server method calls will generate the same values.\n//\n// We expose multiple named streams; each stream is independent\n// and is seeded differently (but predictably from the name).\n// By using multiple streams, we support reordering of requests,\n// as long as they occur on different streams.\n//\n// @param options {Optional Object}\n//   seed: Array or value - Seed value(s) for the generator.\n//                          If an array, will be used as-is\n//                          If a value, will be converted to a single-value array\n//                          If omitted, a random array will be used as the seed.\nDDPCommon.RandomStream = class RandomStream {\n  constructor(options) {\n    this.seed = [].concat(options.seed || randomToken());\n    this.sequences = Object.create(null);\n  }\n\n  // Get a random sequence with the specified name, creating it if does not exist.\n  // New sequences are seeded with the seed concatenated with the name.\n  // By passing a seed into Random.create, we use the Alea generator.\n  _sequence(name) {\n    var self = this;\n\n    var sequence = self.sequences[name] || null;\n    if (sequence === null) {\n      var sequenceSeed = self.seed.concat(name);\n      for (var i = 0; i < sequenceSeed.length; i++) {\n        if (typeof sequenceSeed[i] === \"function\") {\n          sequenceSeed[i] = sequenceSeed[i]();\n        }\n      }\n      self.sequences[name] = sequence = Random.createWithSeeds.apply(null, sequenceSeed);\n    }\n    return sequence;\n  }\n};\n\n// Returns a random string of sufficient length for a random seed.\n// This is a placeholder function; a similar function is planned\n// for Random itself; when that is added we should remove this function,\n// and call Random's randomToken instead.\nfunction randomToken() {\n  return Random.hexString(20);\n};\n\n// Returns the random stream with the specified name, in the specified\n// scope. If a scope is passed, then we use that to seed a (not\n// cryptographically secure) PRNG using the fast Alea algorithm.  If\n// scope is null (or otherwise falsey) then we use a generated seed.\n//\n// However, scope will normally be the current DDP method invocation,\n// so we'll use the stream with the specified name, and we should get\n// consistent values on the client and server sides of a method call.\nDDPCommon.RandomStream.get = function (scope, name) {\n  if (!name) {\n    name = \"default\";\n  }\n  if (!scope) {\n    // There was no scope passed in; the sequence won't actually be\n    // reproducible. but make it fast (and not cryptographically\n    // secure) anyways, so that the behavior is similar to what you'd\n    // get by passing in a scope.\n    return Random.insecure;\n  }\n  var randomStream = scope.randomStream;\n  if (!randomStream) {\n    scope.randomStream = randomStream = new DDPCommon.RandomStream({\n      seed: scope.randomSeed\n    });\n  }\n  return randomStream._sequence(name);\n};\n\n// Creates a randomSeed for passing to a method call.\n// Note that we take enclosing as an argument,\n// though we expect it to be DDP._CurrentMethodInvocation.get()\n// However, we often evaluate makeRpcSeed lazily, and thus the relevant\n// invocation may not be the one currently in scope.\n// If enclosing is null, we'll use Random and values won't be repeatable.\nDDPCommon.makeRpcSeed = function (enclosing, methodName) {\n  var stream = DDPCommon.RandomStream.get(enclosing, '/rpc/' + methodName);\n  return stream.hexString(20);\n};\n"]},"sourceType":"module","hash":"e60a15f092fffb4004b7f4b406e14d2eb8802498"}
