{"metadata":{},"options":{"compact":false,"sourceMaps":true,"ast":true,"babelrc":false,"configFile":false,"parserOpts":{"sourceType":"module","sourceFileName":"/home/ney/meteor/cadastro/imports/ui/Hello.jsx","plugins":["*","flow","jsx","asyncGenerators","bigInt","classPrivateMethods","classPrivateProperties","classProperties","doExpressions","dynamicImport","exportDefaultFrom","exportExtensions","exportNamespaceFrom","functionBind","functionSent","importMeta","nullishCoalescingOperator","numericSeparator","objectRestSpread","optionalCatchBinding","optionalChaining",["pipelineOperator",{"proposal":"minimal"}],"throwExpressions","classProperties","classPrivateProperties","jsx","nullishCoalescingOperator","nullishCoalescingOperator","optionalChaining","optionalChaining","optionalCatchBinding","optionalCatchBinding","classProperties","classPrivateProperties","classPrivateMethods","classProperties","classPrivateProperties","asyncGenerators","asyncGenerators","objectRestSpread","objectRestSpread"],"allowImportExportEverywhere":true,"allowReturnOutsideFunction":true,"allowUndeclaredExports":true,"strictMode":false},"caller":{"name":"meteor","arch":"web.browser"},"sourceFileName":"imports/ui/Hello.jsx","filename":"/home/ney/meteor/cadastro/imports/ui/Hello.jsx","inputSourceMap":{"version":3,"sources":["imports/ui/Hello.jsx"],"names":["React","useState","Hello","counter","setCounter","increment"],"mappings":";;AAAA,OAAOA,KAAP,IAAgBC,QAAhB,QAAgC,OAAhC;AAEA,OAAO,MAAMC,KAAK,GAAG,MAAM;AAAA;;AACzB,QAAM,CAACC,OAAD,EAAUC,UAAV,IAAwBH,QAAQ,CAAC,CAAD,CAAtC;;AAEA,QAAMI,SAAS,GAAG,MAAM;AACtBD,IAAAA,UAAU,CAACD,OAAO,GAAG,CAAX,CAAV;AACD,GAFD;;AAIA,SACE,CAAC,GAAD;AACJ,MAAM,CAAC,MAAD,CAAQ,QAAQ,CAACE,SAAD,CAAhB,CAA4B,QAAQ,EAAE,MAAF;AAC1C,MAAM,CAAC,CAAD,CAAG,0BAA0B,CAACF,OAAD,CAAS,OAAO,EAAE,CAAF;AACnD,IAAI,EAAE,GAAF,CAJF;AAMD,CAbM;;GAAMD,K;;KAAAA,K","sourcesContent":["import React, { useState } from 'react';\n\nexport const Hello = () => {\n  const [counter, setCounter] = useState(0);\n\n  const increment = () => {\n    setCounter(counter + 1);\n  };\n\n  return (\n    <div>\n      <button onClick={increment}>Click Me</button>\n      <p>You've pressed the button {counter} times.</p>\n    </div>\n  );\n};\n"]},"cloneInputAst":true,"passPerPreset":false,"envName":"development","cwd":"/home/ney/meteor/cadastro","root":"/home/ney/meteor/cadastro","plugins":[{"key":"base$0","visitor":{"_exploded":true,"_verified":true},"options":{}},{"key":"base$0$0","visitor":{"Program":{"enter":[null],"exit":[null]},"_exploded":true,"_verified":true},"options":{"avoidModernSyntax":false,"enforceStrictMode":false,"dynamicImport":true,"generateLetDeclarations":true}},{"key":"transform-runtime","visitor":{"CallExpression":{"enter":[null]},"BinaryExpression":{"enter":[null]},"MemberExpression":{"enter":[null],"exit":[null]},"_exploded":true,"_verified":true,"Identifier":{"enter":[null]},"JSXIdentifier":{"enter":[null]}},"options":{"version":"7.12.5","helpers":true,"useESModules":false,"corejs":false}},{"key":"proposal-class-properties","visitor":{"PrivateName":{"enter":[null]},"ExportDefaultDeclaration":{"enter":[null]},"_exploded":true,"_verified":true,"ClassExpression":{"enter":[null]},"ClassDeclaration":{"enter":[null]}},"options":{"loose":true}},{"key":"transform-react-jsx","visitor":{"_exploded":{},"_verified":{},"JSXNamespacedName":{"enter":[null]},"JSXSpreadChild":{"enter":[null]},"Program":{"enter":[null]},"JSXElement":{"exit":[null]},"JSXFragment":{"exit":[null]},"JSXAttribute":{"enter":[null]}},"options":{"pragma":"React.createElement","pragmaFrag":"React.Fragment","runtime":"classic","throwIfNamespace":true,"useBuiltIns":false}},{"key":"transform-react-display-name","visitor":{"ExportDefaultDeclaration":{"enter":[null]},"CallExpression":{"enter":[null]},"_exploded":true,"_verified":true},"options":{}},{"key":"transform-react-pure-annotations","visitor":{"CallExpression":{"enter":[null]},"_exploded":true,"_verified":true},"options":{}},{"key":"syntax-nullish-coalescing-operator","visitor":{"_exploded":true,"_verified":true},"options":{}},{"key":"proposal-nullish-coalescing-operator","visitor":{"_exploded":{},"_verified":{},"LogicalExpression":{"enter":[null]}},"options":{}},{"key":"syntax-optional-chaining","visitor":{"_exploded":true,"_verified":true},"options":{}},{"key":"proposal-optional-chaining","visitor":{"_exploded":{},"_verified":{},"OptionalCallExpression":{"enter":[null]},"OptionalMemberExpression":{"enter":[null]}},"options":{}},{"key":"syntax-optional-catch-binding","visitor":{"_exploded":true,"_verified":true},"options":{}},{"key":"proposal-optional-catch-binding","visitor":{"_exploded":{},"_verified":{},"CatchClause":{"enter":[null]}},"options":{}},{"key":"syntax-class-properties","visitor":{"_exploded":true,"_verified":true},"options":{}},{"key":"proposal-class-properties","visitor":{"PrivateName":{"enter":[null]},"ExportDefaultDeclaration":{"enter":[null]},"_exploded":true,"_verified":true,"ClassExpression":{"enter":[null]},"ClassDeclaration":{"enter":[null]}},"options":{}},{"key":"syntax-async-generators","visitor":{"_exploded":true,"_verified":true},"options":{}},{"key":"proposal-async-generator-functions","visitor":{"_exploded":{},"_verified":{},"Program":{"enter":[null]}},"options":{}},{"key":"syntax-object-rest-spread","visitor":{"_exploded":true,"_verified":true},"options":{}},{"key":"proposal-object-rest-spread","visitor":{"_exploded":{},"_verified":{},"VariableDeclarator":{"enter":[null]},"ExportNamedDeclaration":{"enter":[null]},"CatchClause":{"enter":[null]},"AssignmentExpression":{"enter":[null]},"ArrayPattern":{"enter":[null]},"ObjectExpression":{"enter":[null]},"FunctionDeclaration":{"enter":[null]},"FunctionExpression":{"enter":[null]},"ObjectMethod":{"enter":[null]},"ArrowFunctionExpression":{"enter":[null]},"ClassMethod":{"enter":[null]},"ClassPrivateMethod":{"enter":[null]},"ForInStatement":{"enter":[null]},"ForOfStatement":{"enter":[null]}},"options":{}},{"key":"transform-literals","visitor":{"NumericLiteral":{"enter":[null]},"StringLiteral":{"enter":[null]},"_exploded":true,"_verified":true},"options":{}},{"key":"transform-template-literals","visitor":{"TaggedTemplateExpression":{"enter":[null]},"TemplateLiteral":{"enter":[null]},"_exploded":true,"_verified":true},"options":{}},{"key":"transform-parameters","visitor":{"_exploded":true,"_verified":true,"FunctionDeclaration":{"enter":[null]},"FunctionExpression":{"enter":[null]},"ObjectMethod":{"enter":[null]},"ArrowFunctionExpression":{"enter":[null]},"ClassMethod":{"enter":[null]},"ClassPrivateMethod":{"enter":[null]}},"options":{}},{"key":"transform-exponentiation-operator","visitor":{"AssignmentExpression":{"enter":[null]},"BinaryExpression":{"enter":[null]},"_exploded":true,"_verified":true},"options":{}}],"presets":[],"generatorOpts":{"filename":"/home/ney/meteor/cadastro/imports/ui/Hello.jsx","comments":true,"compact":false,"sourceMaps":true,"sourceFileName":"imports/ui/Hello.jsx"}},"code":"module.export({\n  Hello: () => Hello\n});\nlet React, useState;\nmodule.link(\"react\", {\n  default(v) {\n    React = v;\n  },\n\n  useState(v) {\n    useState = v;\n  }\n\n}, 0);\n\nvar _s = $RefreshSig$();\n\nconst Hello = () => {\n  _s();\n\n  const [counter, setCounter] = useState(0);\n\n  const increment = () => {\n    setCounter(counter + 1);\n  };\n\n  return /*#__PURE__*/React.createElement(\"div\", null, /*#__PURE__*/React.createElement(\"button\", {\n    onClick: increment\n  }, \"Click Me\"), /*#__PURE__*/React.createElement(\"p\", null, \"You've pressed the button \", counter, \" times.\"));\n};\n\n_s(Hello, \"mgO7WMHyhiBnLtH7uw/qAj2Cy9A=\");\n\n_c = Hello;\n\nvar _c;\n\n$RefreshReg$(_c, \"Hello\");","map":{"version":3,"sources":["imports/ui/Hello.jsx"],"names":["Hello","useState","increment","setCounter","counter"],"mappings":";;;;;;;;;;;;;;;;;AAEO,MAAMA,KAAK,GAAG,MAAM;AAAA,EAAA,EAAA;;AACzB,QAAM,CAAA,OAAA,EAAA,UAAA,IAAwBC,QAAQ,CAAtC,CAAsC,CAAtC;;AAEA,QAAMC,SAAS,GAAG,MAAM;AACtBC,IAAAA,UAAU,CAACC,OAAO,GAAlBD,CAAU,CAAVA;AADF,GAAA;;AAIA,sBACE,8CACE;AAAQ,IAAA,OAAA,EAAR;AAAA,gBADF,eAEE,6DAA6B,OAA7B,YAFF,CADF;AAPK,CAAA;;GAAMH,K;;KAAAA,K","sourcesContent":["import React, { useState } from 'react';\n\nexport const Hello = () => {\n  const [counter, setCounter] = useState(0);\n\n  const increment = () => {\n    setCounter(counter + 1);\n  };\n\n  return (\n    <div>\n      <button onClick={increment}>Click Me</button>\n      <p>You've pressed the button {counter} times.</p>\n    </div>\n  );\n};\n"]},"sourceType":"module","hash":"ea575643962748cbcb629afbab3ec51e5ef0f21b"}
