{"metadata":{},"options":{"compact":false,"sourceMaps":true,"ast":true,"babelrc":false,"configFile":false,"parserOpts":{"sourceType":"module","sourceFileName":"/home/ney/meteor/cadastro/packages/react-meteor-data/useTracker.ts","plugins":["*","flow","jsx","asyncGenerators","bigInt","classPrivateMethods","classPrivateProperties","classProperties","doExpressions","dynamicImport","exportDefaultFrom","exportExtensions","exportNamespaceFrom","functionBind","functionSent","importMeta","nullishCoalescingOperator","numericSeparator","objectRestSpread","optionalCatchBinding","optionalChaining",["pipelineOperator",{"proposal":"minimal"}],"throwExpressions","classProperties","classPrivateProperties","jsx","nullishCoalescingOperator","nullishCoalescingOperator","optionalChaining","optionalChaining","optionalCatchBinding","optionalCatchBinding","classProperties","classPrivateProperties","classPrivateMethods","classProperties","classPrivateProperties","asyncGenerators","asyncGenerators","objectRestSpread","objectRestSpread"],"allowImportExportEverywhere":true,"allowReturnOutsideFunction":true,"allowUndeclaredExports":true,"strictMode":false},"caller":{"name":"meteor","arch":"web.browser"},"sourceFileName":"packages/react-meteor-data/useTracker.ts","filename":"/home/ney/meteor/cadastro/packages/react-meteor-data/useTracker.ts","inputSourceMap":{"version":3,"file":"packages/react-meteor-data/useTracker.ts","sourceRoot":"","sources":["packages/react-meteor-data/useTracker.ts"],"names":[],"mappings":"AACA,OAAO,EAAE,MAAM,EAAE,MAAM,eAAe,CAAC;AACvC,OAAO,EAAE,OAAO,EAAE,MAAM,gBAAgB,CAAC;AACzC,OAAO,EAAE,UAAU,EAAE,QAAQ,EAAE,SAAS,EAAE,MAAM,EAAE,OAAO,EAAkB,MAAM,OAAO,CAAC;AAEzF,uEAAuE;AACvE,SAAS,WAAW,CAAE,IAAS;IAC7B,IAAI,UAAU,GAAG,KAAK,CAAC;IACvB,IAAI,OAAO,CAAC,KAAK,IAAI,OAAO,CAAC,KAAK,CAAC,KAAK,IAAI,IAAI,IAAI,OAAO,IAAI,KAAK,QAAQ,EAAE;QAC5E,IAAI,IAAI,YAAY,OAAO,CAAC,KAAK,CAAC,KAAK,CAAC,MAAM,EAAE;YAC9C,UAAU,GAAG,IAAI,CAAC;SACnB;aAAM,IAAI,MAAM,CAAC,cAAc,CAAC,IAAI,CAAC,KAAK,MAAM,CAAC,SAAS,EAAE;YAC3D,MAAM,CAAC,IAAI,CAAC,IAAI,CAAC,CAAC,OAAO,CAAC,CAAC,GAAG,EAAE,EAAE;gBAChC,IAAI,IAAI,CAAC,GAAG,CAAC,YAAY,OAAO,CAAC,KAAK,CAAC,KAAK,CAAC,MAAM,EAAE;oBACnD,UAAU,GAAG,IAAI,CAAC;iBACnB;YACH,CAAC,CAAC,CAAC;SACJ;KACF;IACD,IAAI,UAAU,EAAE;QACd,OAAO,CAAC,IAAI,CACV,+DAA+D;cAC7D,6DAA6D;cAC7D,+CAA+C,CAClD,CAAC;KACH;AACH,CAAC;AAED,iEAAiE;AACjE,iEAAiE;AACjE,MAAM,GAAG,GAAG,CAAC,CAAS,EAAU,EAAE,CAAC,CAAC,GAAG,CAAC,CAAC;AACzC,MAAM,cAAc,GAAG,GAAG,EAAE,CAAC,UAAU,CAAC,GAAG,EAAE,CAAC,CAAC,CAAC,CAAC,CAAC,CAAC;AAWnD,MAAM,gBAAgB,GAAG,CAAU,UAA0B,EAAE,EAAE;IAC/D,MAAM,EAAE,OAAO,EAAE,IAAI,EAAE,GAAG,MAAM,CAAc;QAC5C,SAAS,EAAE,KAAK;QAChB,WAAW,EAAE,IAAI;KAClB,CAAC,CAAC;IACH,MAAM,WAAW,GAAG,cAAc,EAAE,CAAC;IAErC,+EAA+E;IAC/E,IAAI,IAAI,CAAC,WAAW,EAAE;QACpB,IAAI,CAAC,WAAW,CAAC,IAAI,EAAE,CAAC;QACxB,gEAAgE;QAChE,OAAO,IAAI,CAAC,WAAW,CAAC;KACzB;IAED,uEAAuE;IACvE,2EAA2E;IAC3E,oEAAoE;IACpE,kEAAkE;IAClE,0BAA0B;IAC1B,OAAO,CAAC,WAAW,CAAC,GAAG,EAAE,CAAC,OAAO,CAAC,OAAO,CAAC,CAAC,CAAsB,EAAE,EAAE;QACnE,IAAI,CAAC,WAAW,GAAG,CAAC,CAAC;QACrB,IAAI,CAAC,CAAC,QAAQ,EAAE;YACd,wCAAwC;YACxC,MAAM,IAAI,GAAG,UAAU,CAAC,CAAC,CAAC,CAAC;YAC3B,IAAI,MAAM,CAAC,aAAa,EAAE;gBACxB,WAAW,CAAC,IAAI,CAAC,CAAC;aACnB;YACD,IAAI,CAAC,WAAW,GAAG,IAAI,CAAC;SACzB;aAAM;YACL,wFAAwF;YACxF,WAAW,EAAE,CAAC;SACf;IACH,CAAC,CAAC,CAAC,CAAC;IAEJ,4EAA4E;IAC5E,2FAA2F;IAC3F,0FAA0F;IAC1F,IAAI,CAAC,IAAI,CAAC,SAAS,EAAE;QACnB,6DAA6D;QAC7D,2DAA2D;QAC3D,IAAI,IAAI,CAAC,WAAW,EAAE;YACpB,IAAI,CAAC,WAAW,CAAC,IAAI,EAAE,CAAC;YACxB,OAAO,IAAI,CAAC,WAAW,CAAC;SACzB;KACF;IAED,SAAS,CAAC,GAAG,EAAE;QACb,mEAAmE;QACnE,IAAI,CAAC,SAAS,GAAG,IAAI,CAAC;QAEtB,gFAAgF;QAChF,gEAAgE;QAChE,WAAW,EAAE,CAAC;QAEd,kCAAkC;QAClC,OAAO,GAAG,EAAE;YACV,IAAI,CAAC,WAAW,EAAE,IAAI,EAAE,CAAC;QAC3B,CAAC,CAAA;IACH,CAAC,EAAE,EAAE,CAAC,CAAC;IAEP,OAAO,IAAI,CAAC,WAAW,CAAC;AAC1B,CAAC,CAAA;AAED,MAAM,kBAAkB,GAAG,CAAU,UAA0B,EAAE,IAAoB,EAAK,EAAE;IAC1F,IAAI,CAAC,IAAI,EAAE,OAAO,CAAC,GAAG,QAAQ,EAAK,CAAC;IAEpC,MAAM,EAAE,OAAO,EAAE,IAAI,EAAE,GAAG,MAAM,CAAC,EAAE,UAAU,EAAE,CAAC,CAAC;IACjD,IAAI,CAAC,UAAU,GAAG,UAAU,CAAC;IAE7B,OAAO,CAAC,GAAG,EAAE;QACX,0EAA0E;QAC1E,0EAA0E;QAC1E,MAAM,IAAI,GAAG,OAAO,CAAC,WAAW,CAC9B,GAAG,EAAE,CAAC,OAAO,CAAC,OAAO,CAAC,CAAC,CAAsB,EAAE,EAAE;YAC/C,IAAI,CAAC,CAAC,QAAQ;gBAAE,IAAI,GAAG,IAAI,CAAC,UAAU,EAAE,CAAC;QAC3C,CAAC,CAAC,CACH,CAAC;QACF,6EAA6E;QAC7E,MAAM,CAAC,KAAK,CAAC,GAAG,EAAE,GAAG,IAAI,CAAC,IAAI,EAAE,CAAA,CAAC,CAAC,CAAC,CAAC;QACpC,IAAI,MAAM,CAAC,aAAa,EAAE;YACxB,WAAW,CAAC,IAAI,CAAC,CAAC;SACnB;IACH,CAAC,EAAE,IAAI,CAAC,CAAC;IAET,SAAS,CAAC,GAAG,EAAE;QACb,MAAM,WAAW,GAAI,OAAO,CAAC,WAAW,CACtC,GAAG,EAAE,CAAC,OAAO,CAAC,OAAO,CAAC,CAAC,CAAC,EAAE,EAAE;YAC1B,OAAO,CAAC,IAAI,CAAC,UAAU,CAAC,CAAC,CAAC,CAAC,CAAC;QAC9B,CAAC,CAAC,CACH,CAAC;QACF,OAAO,GAAG,EAAE;YACV,WAAW,CAAC,IAAI,EAAE,CAAC;QACrB,CAAC,CAAA;IACH,CAAC,EAAE,IAAI,CAAC,CAAC;IAET,OAAO,IAAS,CAAC;AACnB,CAAC,CAAA;AAED,MAAM,gBAAgB,GAAG,CAAU,UAA0B,EAAE,OAAuB,IAAI,EAAK,EAAE,CAC/F,CAAC,IAAI,KAAK,IAAI,IAAI,IAAI,KAAK,SAAS,IAAI,CAAC,KAAK,CAAC,OAAO,CAAC,IAAI,CAAC,CAAC;IAC3D,CAAC,CAAC,gBAAgB,CAAC,UAAU,CAAC;IAC9B,CAAC,CAAC,kBAAkB,CAAC,UAAU,EAAE,IAAI,CAAC,CAAC;AAE3C,MAAM,gBAAgB,GAAG,CAAU,UAA0B,EAAE,IAAoB,EAAK,EAAE,CACxF,OAAO,CAAC,WAAW,CAAC,UAAU,CAAM,CAAC;AAEvC,kEAAkE;AAClE,iFAAiF;AACjF,MAAM,UAAU,GAAG,MAAM,CAAC,QAAQ;IAChC,CAAC,CAAC,gBAAgB;IAClB,CAAC,CAAC,gBAAgB,CAAC;AAErB,MAAM,aAAa,GAAG,CAAU,UAA0B,EAAE,IAAoB,EAAK,EAAE;IACrF,IAAI,OAAO,UAAU,KAAK,UAAU,EAAE;QACpC,OAAO,CAAC,IAAI,CACV,kEAAkE;cAChE,iCAAiC,OAAO,UAAU,GAAG,CACxD,CAAC;KACH;IACD,IAAI,IAAI,IAAI,CAAC,KAAK,CAAC,OAAO,CAAC,IAAI,CAAC,EAAE;QAChC,OAAO,CAAC,IAAI,CACV,iEAAiE;cAC/D,iCAAiC,OAAO,IAAI,GAAG,CAClD,CAAC;KACH;IACD,OAAO,UAAU,CAAC,UAAU,EAAE,IAAI,CAAC,CAAC;AACtC,CAAC,CAAA;AAED,eAAe,MAAM,CAAC,aAAa;IACjC,CAAC,CAAC,aAAa;IACf,CAAC,CAAC,UAAU,CAAC","sourcesContent":["declare var Package: any\nimport { Meteor } from 'meteor/meteor';\nimport { Tracker } from 'meteor/tracker';\nimport { useReducer, useState, useEffect, useRef, useMemo, DependencyList } from 'react';\n\n// Warns if data is a Mongo.Cursor or a POJO containing a Mongo.Cursor.\nfunction checkCursor (data: any): void {\n  let shouldWarn = false;\n  if (Package.mongo && Package.mongo.Mongo && data && typeof data === 'object') {\n    if (data instanceof Package.mongo.Mongo.Cursor) {\n      shouldWarn = true;\n    } else if (Object.getPrototypeOf(data) === Object.prototype) {\n      Object.keys(data).forEach((key) => {\n        if (data[key] instanceof Package.mongo.Mongo.Cursor) {\n          shouldWarn = true;\n        }\n      });\n    }\n  }\n  if (shouldWarn) {\n    console.warn(\n      'Warning: your reactive function is returning a Mongo cursor. '\n      + 'This value will not be reactive. You probably want to call '\n      + '`.fetch()` on the cursor before returning it.'\n    );\n  }\n}\n\n// Used to create a forceUpdate from useReducer. Forces update by\n// incrementing a number whenever the dispatch method is invoked.\nconst fur = (x: number): number => x + 1;\nconst useForceUpdate = () => useReducer(fur, 0)[1];\n\ninterface IReactiveFn<T> {\n  <T>(c?: Tracker.Computation): T\n}\ntype TrackerRefs = {\n  computation?: Tracker.Computation;\n  isMounted: boolean;\n  trackerData: any;\n}\n\nconst useTrackerNoDeps = <T = any>(reactiveFn: IReactiveFn<T>) => {\n  const { current: refs } = useRef<TrackerRefs>({\n    isMounted: false,\n    trackerData: null\n  });\n  const forceUpdate = useForceUpdate();\n\n  // Without deps, always dispose and recreate the computation with every render.\n  if (refs.computation) {\n    refs.computation.stop();\n    // @ts-ignore This makes TS think ref.computation is \"never\" set\n    delete refs.computation;\n  }\n\n  // Use Tracker.nonreactive in case we are inside a Tracker Computation.\n  // This can happen if someone calls `ReactDOM.render` inside a Computation.\n  // In that case, we want to opt out of the normal behavior of nested\n  // Computations, where if the outer one is invalidated or stopped,\n  // it stops the inner one.\n  Tracker.nonreactive(() => Tracker.autorun((c: Tracker.Computation) => {\n    refs.computation = c;\n    if (c.firstRun) {\n      // Always run the reactiveFn on firstRun\n      const data = reactiveFn(c);\n      if (Meteor.isDevelopment) {\n        checkCursor(data);\n      }\n      refs.trackerData = data;\n    } else {\n      // For any reactive change, forceUpdate and let the next render rebuild the computation.\n      forceUpdate();\n    }\n  }));\n\n  // To avoid creating side effects in render with Tracker when not using deps\n  // create the computation, run the user's reactive function in a computation synchronously,\n  // then immediately dispose of it. It'll be recreated again after the render is committed.\n  if (!refs.isMounted) {\n    // We want to forceUpdate in useEffect to support StrictMode.\n    // See: https://github.com/meteor/react-packages/issues/278\n    if (refs.computation) {\n      refs.computation.stop();\n      delete refs.computation;\n    }\n  }\n\n  useEffect(() => {\n    // Let subsequent renders know we are mounted (render is comitted).\n    refs.isMounted = true;\n\n    // Render is committed. Since useTracker without deps always runs synchronously,\n    // forceUpdate and let the next render recreate the computation.\n    forceUpdate();\n\n    // stop the computation on unmount\n    return () =>{\n      refs.computation?.stop();\n    }\n  }, []);\n\n  return refs.trackerData;\n}\n\nconst useTrackerWithDeps = <T = any>(reactiveFn: IReactiveFn<T>, deps: DependencyList): T => {\n  let [data, setData] = useState<T>();\n\n  const { current: refs } = useRef({ reactiveFn });\n  refs.reactiveFn = reactiveFn;\n\n  useMemo(() => {\n    // To jive with the lifecycle interplay between Tracker/Subscribe, run the\n    // reactive function in a computation, then stop it, to force flush cycle.\n    const comp = Tracker.nonreactive(\n      () => Tracker.autorun((c: Tracker.Computation) => {\n        if (c.firstRun) data = refs.reactiveFn();\n      })\n    );\n    // To avoid creating side effects in render, stop the computation immediately\n    Meteor.defer(() => { comp.stop() });\n    if (Meteor.isDevelopment) {\n      checkCursor(data);\n    }\n  }, deps);\n\n  useEffect(() => {\n    const computation =  Tracker.nonreactive(\n      () => Tracker.autorun((c) => {\n        setData(refs.reactiveFn(c));\n      })\n    );\n    return () => {\n      computation.stop();\n    }\n  }, deps);\n\n  return data as T;\n}\n\nconst useTrackerClient = <T = any>(reactiveFn: IReactiveFn<T>, deps: DependencyList = null): T =>\n  (deps === null || deps === undefined || !Array.isArray(deps))\n    ? useTrackerNoDeps(reactiveFn)\n    : useTrackerWithDeps(reactiveFn, deps);\n\nconst useTrackerServer = <T = any>(reactiveFn: IReactiveFn<T>, deps: DependencyList): T =>\n  Tracker.nonreactive(reactiveFn) as T;\n\n// When rendering on the server, we don't want to use the Tracker.\n// We only do the first rendering on the server so we can get the data right away\nconst useTracker = Meteor.isServer\n  ? useTrackerServer\n  : useTrackerClient;\n\nconst useTrackerDev = <T = any>(reactiveFn: IReactiveFn<T>, deps: DependencyList): T => {\n  if (typeof reactiveFn !== 'function') {\n    console.warn(\n      'Warning: useTracker expected a function in it\\'s first argument '\n      + `(reactiveFn), but got type of ${typeof reactiveFn}.`\n    );\n  }\n  if (deps && !Array.isArray(deps)) {\n    console.warn(\n      'Warning: useTracker expected an array in it\\'s second argument '\n      + `(dependency), but got type of ${typeof deps}.`\n    );\n  }\n  return useTracker(reactiveFn, deps);\n}\n\nexport default Meteor.isDevelopment\n  ? useTrackerDev\n  : useTracker;\n"]},"cloneInputAst":true,"passPerPreset":false,"envName":"development","cwd":"/home/ney/meteor/cadastro","root":"/home/ney/meteor/cadastro","plugins":[{"key":"base$0","visitor":{"_exploded":true,"_verified":true},"options":{}},{"key":"base$0$0","visitor":{"Program":{"enter":[null],"exit":[null]},"_exploded":true,"_verified":true},"options":{"avoidModernSyntax":false,"enforceStrictMode":false,"dynamicImport":true,"generateLetDeclarations":true}},{"key":"transform-runtime","visitor":{"CallExpression":{"enter":[null]},"BinaryExpression":{"enter":[null]},"MemberExpression":{"enter":[null],"exit":[null]},"_exploded":true,"_verified":true,"Identifier":{"enter":[null]},"JSXIdentifier":{"enter":[null]}},"options":{"version":"7.12.5","helpers":true,"useESModules":false,"corejs":false}},{"key":"proposal-class-properties","visitor":{"PrivateName":{"enter":[null]},"ExportDefaultDeclaration":{"enter":[null]},"_exploded":true,"_verified":true,"ClassExpression":{"enter":[null]},"ClassDeclaration":{"enter":[null]}},"options":{"loose":true}},{"key":"transform-react-jsx","visitor":{"_exploded":{},"_verified":{},"JSXNamespacedName":{"enter":[null]},"JSXSpreadChild":{"enter":[null]},"JSXElement":{"exit":[null]},"JSXFragment":{"exit":[null]},"Program":{"enter":[null],"exit":[null]},"JSXAttribute":{"enter":[null]}},"options":{"pragma":"React.createElement","pragmaFrag":"React.Fragment","runtime":"classic","throwIfNamespace":true,"useBuiltIns":false}},{"key":"transform-react-display-name","visitor":{"ExportDefaultDeclaration":{"enter":[null]},"CallExpression":{"enter":[null]},"_exploded":true,"_verified":true},"options":{}},{"key":"transform-react-pure-annotations","visitor":{"CallExpression":{"enter":[null]},"_exploded":true,"_verified":true},"options":{}},{"key":"syntax-nullish-coalescing-operator","visitor":{"_exploded":true,"_verified":true},"options":{}},{"key":"proposal-nullish-coalescing-operator","visitor":{"_exploded":{},"_verified":{},"LogicalExpression":{"enter":[null]}},"options":{}},{"key":"syntax-optional-chaining","visitor":{"_exploded":true,"_verified":true},"options":{}},{"key":"proposal-optional-chaining","visitor":{"_exploded":{},"_verified":{},"OptionalCallExpression":{"enter":[null]},"OptionalMemberExpression":{"enter":[null]}},"options":{}},{"key":"syntax-optional-catch-binding","visitor":{"_exploded":true,"_verified":true},"options":{}},{"key":"proposal-optional-catch-binding","visitor":{"_exploded":{},"_verified":{},"CatchClause":{"enter":[null]}},"options":{}},{"key":"syntax-class-properties","visitor":{"_exploded":true,"_verified":true},"options":{}},{"key":"proposal-class-properties","visitor":{"PrivateName":{"enter":[null]},"ExportDefaultDeclaration":{"enter":[null]},"_exploded":true,"_verified":true,"ClassExpression":{"enter":[null]},"ClassDeclaration":{"enter":[null]}},"options":{}},{"key":"syntax-async-generators","visitor":{"_exploded":true,"_verified":true},"options":{}},{"key":"proposal-async-generator-functions","visitor":{"_exploded":{},"_verified":{},"Program":{"enter":[null]}},"options":{}},{"key":"syntax-object-rest-spread","visitor":{"_exploded":true,"_verified":true},"options":{}},{"key":"proposal-object-rest-spread","visitor":{"_exploded":{},"_verified":{},"VariableDeclarator":{"enter":[null]},"ExportNamedDeclaration":{"enter":[null]},"CatchClause":{"enter":[null]},"AssignmentExpression":{"enter":[null]},"ArrayPattern":{"enter":[null]},"ObjectExpression":{"enter":[null]},"FunctionDeclaration":{"enter":[null]},"FunctionExpression":{"enter":[null]},"ObjectMethod":{"enter":[null]},"ArrowFunctionExpression":{"enter":[null]},"ClassMethod":{"enter":[null]},"ClassPrivateMethod":{"enter":[null]},"ForInStatement":{"enter":[null]},"ForOfStatement":{"enter":[null]}},"options":{}},{"key":"transform-literals","visitor":{"NumericLiteral":{"enter":[null]},"StringLiteral":{"enter":[null]},"_exploded":true,"_verified":true},"options":{}},{"key":"transform-template-literals","visitor":{"TaggedTemplateExpression":{"enter":[null]},"TemplateLiteral":{"enter":[null]},"_exploded":true,"_verified":true},"options":{}},{"key":"transform-parameters","visitor":{"_exploded":true,"_verified":true,"FunctionDeclaration":{"enter":[null]},"FunctionExpression":{"enter":[null]},"ObjectMethod":{"enter":[null]},"ArrowFunctionExpression":{"enter":[null]},"ClassMethod":{"enter":[null]},"ClassPrivateMethod":{"enter":[null]}},"options":{}},{"key":"transform-exponentiation-operator","visitor":{"AssignmentExpression":{"enter":[null]},"BinaryExpression":{"enter":[null]},"_exploded":true,"_verified":true},"options":{}}],"presets":[],"generatorOpts":{"filename":"/home/ney/meteor/cadastro/packages/react-meteor-data/useTracker.ts","comments":true,"compact":false,"sourceMaps":true,"sourceFileName":"packages/react-meteor-data/useTracker.ts"}},"code":"let Meteor;\nmodule.link(\"meteor/meteor\", {\n  Meteor(v) {\n    Meteor = v;\n  }\n\n}, 0);\nlet Tracker;\nmodule.link(\"meteor/tracker\", {\n  Tracker(v) {\n    Tracker = v;\n  }\n\n}, 1);\nlet useReducer, useState, useEffect, useRef, useMemo;\nmodule.link(\"react\", {\n  useReducer(v) {\n    useReducer = v;\n  },\n\n  useState(v) {\n    useState = v;\n  },\n\n  useEffect(v) {\n    useEffect = v;\n  },\n\n  useRef(v) {\n    useRef = v;\n  },\n\n  useMemo(v) {\n    useMemo = v;\n  }\n\n}, 2);\n\n// Warns if data is a Mongo.Cursor or a POJO containing a Mongo.Cursor.\nfunction checkCursor(data) {\n  let shouldWarn = false;\n\n  if (Package.mongo && Package.mongo.Mongo && data && typeof data === 'object') {\n    if (data instanceof Package.mongo.Mongo.Cursor) {\n      shouldWarn = true;\n    } else if (Object.getPrototypeOf(data) === Object.prototype) {\n      Object.keys(data).forEach(key => {\n        if (data[key] instanceof Package.mongo.Mongo.Cursor) {\n          shouldWarn = true;\n        }\n      });\n    }\n  }\n\n  if (shouldWarn) {\n    console.warn('Warning: your reactive function is returning a Mongo cursor. ' + 'This value will not be reactive. You probably want to call ' + '`.fetch()` on the cursor before returning it.');\n  }\n} // Used to create a forceUpdate from useReducer. Forces update by\n// incrementing a number whenever the dispatch method is invoked.\n\n\nconst fur = x => x + 1;\n\nconst useForceUpdate = () => useReducer(fur, 0)[1];\n\nconst useTrackerNoDeps = reactiveFn => {\n  const {\n    current: refs\n  } = useRef({\n    isMounted: false,\n    trackerData: null\n  });\n  const forceUpdate = useForceUpdate(); // Without deps, always dispose and recreate the computation with every render.\n\n  if (refs.computation) {\n    refs.computation.stop(); // @ts-ignore This makes TS think ref.computation is \"never\" set\n\n    delete refs.computation;\n  } // Use Tracker.nonreactive in case we are inside a Tracker Computation.\n  // This can happen if someone calls `ReactDOM.render` inside a Computation.\n  // In that case, we want to opt out of the normal behavior of nested\n  // Computations, where if the outer one is invalidated or stopped,\n  // it stops the inner one.\n\n\n  Tracker.nonreactive(() => Tracker.autorun(c => {\n    refs.computation = c;\n\n    if (c.firstRun) {\n      // Always run the reactiveFn on firstRun\n      const data = reactiveFn(c);\n\n      if (Meteor.isDevelopment) {\n        checkCursor(data);\n      }\n\n      refs.trackerData = data;\n    } else {\n      // For any reactive change, forceUpdate and let the next render rebuild the computation.\n      forceUpdate();\n    }\n  })); // To avoid creating side effects in render with Tracker when not using deps\n  // create the computation, run the user's reactive function in a computation synchronously,\n  // then immediately dispose of it. It'll be recreated again after the render is committed.\n\n  if (!refs.isMounted) {\n    // We want to forceUpdate in useEffect to support StrictMode.\n    // See: https://github.com/meteor/react-packages/issues/278\n    if (refs.computation) {\n      refs.computation.stop();\n      delete refs.computation;\n    }\n  }\n\n  useEffect(() => {\n    // Let subsequent renders know we are mounted (render is comitted).\n    refs.isMounted = true; // Render is committed. Since useTracker without deps always runs synchronously,\n    // forceUpdate and let the next render recreate the computation.\n\n    forceUpdate(); // stop the computation on unmount\n\n    return () => {\n      var _refs$computation;\n\n      (_refs$computation = refs.computation) === null || _refs$computation === void 0 ? void 0 : _refs$computation.stop();\n    };\n  }, []);\n  return refs.trackerData;\n};\n\nconst useTrackerWithDeps = (reactiveFn, deps) => {\n  let [data, setData] = useState();\n  const {\n    current: refs\n  } = useRef({\n    reactiveFn\n  });\n  refs.reactiveFn = reactiveFn;\n  useMemo(() => {\n    // To jive with the lifecycle interplay between Tracker/Subscribe, run the\n    // reactive function in a computation, then stop it, to force flush cycle.\n    const comp = Tracker.nonreactive(() => Tracker.autorun(c => {\n      if (c.firstRun) data = refs.reactiveFn();\n    })); // To avoid creating side effects in render, stop the computation immediately\n\n    Meteor.defer(() => {\n      comp.stop();\n    });\n\n    if (Meteor.isDevelopment) {\n      checkCursor(data);\n    }\n  }, deps);\n  useEffect(() => {\n    const computation = Tracker.nonreactive(() => Tracker.autorun(c => {\n      setData(refs.reactiveFn(c));\n    }));\n    return () => {\n      computation.stop();\n    };\n  }, deps);\n  return data;\n};\n\nconst useTrackerClient = function (reactiveFn) {\n  let deps = arguments.length > 1 && arguments[1] !== undefined ? arguments[1] : null;\n  return deps === null || deps === undefined || !Array.isArray(deps) ? useTrackerNoDeps(reactiveFn) : useTrackerWithDeps(reactiveFn, deps);\n};\n\nconst useTrackerServer = (reactiveFn, deps) => Tracker.nonreactive(reactiveFn); // When rendering on the server, we don't want to use the Tracker.\n// We only do the first rendering on the server so we can get the data right away\n\n\nconst useTracker = Meteor.isServer ? useTrackerServer : useTrackerClient;\n\nconst useTrackerDev = (reactiveFn, deps) => {\n  if (typeof reactiveFn !== 'function') {\n    console.warn('Warning: useTracker expected a function in it\\'s first argument ' + \"(reactiveFn), but got type of \".concat(typeof reactiveFn, \".\"));\n  }\n\n  if (deps && !Array.isArray(deps)) {\n    console.warn('Warning: useTracker expected an array in it\\'s second argument ' + \"(dependency), but got type of \".concat(typeof deps, \".\"));\n  }\n\n  return useTracker(reactiveFn, deps);\n};\n\nmodule.exportDefault(Meteor.isDevelopment ? useTrackerDev : useTracker);","map":{"version":3,"sources":["packages/react-meteor-data/useTracker.ts"],"names":[],"mappings":"AACA,IAAA,MAAA;AAAS,MAAQ,CAAA,IAAR,CAAc,eAAd,EAA8B;AAAA,EAAA,MAAA,CAAA,CAAA,EAAA;AAAA,IAAA,MAAA,GAAA,CAAA;AAAA;;AAAA,CAA9B,EAA8B,CAA9B;AAA8B,IAAA,OAAA;AAAA,MAAA,CAAA,IAAA,CAAA,gBAAA,EAAA;AAAA,EAAA,OAAA,CAAA,CAAA,EAAA;AAAA,IAAA,OAAA,GAAA,CAAA;AAAA;;AAAA,CAAA,EAAA,CAAA;AAAA,IAAA,UAAA,EAAA,QAAA,EAAA,SAAA,EAAA,MAAA,EAAA,OAAA;AAAA,MAAA,CAAA,IAAA,CAAA,OAAA,EAAA;AAAA,EAAA,UAAA,CAAA,CAAA,EAAA;AAAA,IAAA,UAAA,GAAA,CAAA;AAAA,GAAA;;AAAA,EAAA,QAAA,CAAA,CAAA,EAAA;AAAA,IAAA,QAAA,GAAA,CAAA;AAAA,GAAA;;AAAA,EAAA,SAAA,CAAA,CAAA,EAAA;AAAA,IAAA,SAAA,GAAA,CAAA;AAAA,GAAA;;AAAA,EAAA,MAAA,CAAA,CAAA,EAAA;AAAA,IAAA,MAAA,GAAA,CAAA;AAAA,GAAA;;AAAA,EAAA,OAAA,CAAA,CAAA,EAAA;AAAA,IAAA,OAAA,GAAA,CAAA;AAAA;;AAAA,CAAA,EAAA,CAAA;;AAIvC;AACA,SAAS,WAAT,CAAsB,IAAtB,EAA+B;AAC7B,MAAI,UAAU,GAAG,KAAjB;;AACA,MAAI,OAAO,CAAC,KAAR,IAAiB,OAAO,CAAC,KAAR,CAAc,KAA/B,IAAwC,IAAxC,IAAgD,OAAO,IAAP,KAAgB,QAApE,EAA8E;AAC5E,QAAI,IAAI,YAAY,OAAO,CAAC,KAAR,CAAc,KAAd,CAAoB,MAAxC,EAAgD;AAC9C,MAAA,UAAU,GAAG,IAAb;AACD,KAFD,MAEO,IAAI,MAAM,CAAC,cAAP,CAAsB,IAAtB,MAAgC,MAAM,CAAC,SAA3C,EAAsD;AAC3D,MAAA,MAAM,CAAC,IAAP,CAAY,IAAZ,EAAkB,OAAlB,CAA2B,GAAD,IAAQ;AAChC,YAAI,IAAI,CAAC,GAAD,CAAJ,YAAqB,OAAO,CAAC,KAAR,CAAc,KAAd,CAAoB,MAA7C,EAAqD;AACnD,UAAA,UAAU,GAAG,IAAb;AACD;AACF,OAJD;AAKD;AACF;;AACD,MAAI,UAAJ,EAAgB;AACd,IAAA,OAAO,CAAC,IAAR,CACE,kEACE,6DADF,GAEE,+CAHJ;AAKD;AACF,C,CAED;AACA;;;AACA,MAAM,GAAG,GAAI,CAAD,IAAuB,CAAC,GAAG,CAAvC;;AACA,MAAM,cAAc,GAAG,MAAM,UAAU,CAAC,GAAD,EAAM,CAAN,CAAV,CAAmB,CAAnB,CAA7B;;AAWA,MAAM,gBAAgB,GAAa,UAAV,IAAwC;AAC/D,QAAM;AAAE,IAAA,OAAO,EAAE;AAAX,MAAoB,MAAM,CAAc;AAC5C,IAAA,SAAS,EAAE,KADiC;AAE5C,IAAA,WAAW,EAAE;AAF+B,GAAd,CAAhC;AAIA,QAAM,WAAW,GAAG,cAAc,EAAlC,CAL+D,CAO/D;;AACA,MAAI,IAAI,CAAC,WAAT,EAAsB;AACpB,IAAA,IAAI,CAAC,WAAL,CAAiB,IAAjB,GADoB,CAEpB;;AACA,WAAO,IAAI,CAAC,WAAZ;AACD,GAZ8D,CAc/D;AACA;AACA;AACA;AACA;;;AACA,EAAA,OAAO,CAAC,WAAR,CAAoB,MAAM,OAAO,CAAC,OAAR,CAAiB,CAAD,IAA2B;AACnE,IAAA,IAAI,CAAC,WAAL,GAAmB,CAAnB;;AACA,QAAI,CAAC,CAAC,QAAN,EAAgB;AACd;AACA,YAAM,IAAI,GAAG,UAAU,CAAC,CAAD,CAAvB;;AACA,UAAI,MAAM,CAAC,aAAX,EAA0B;AACxB,QAAA,WAAW,CAAC,IAAD,CAAX;AACD;;AACD,MAAA,IAAI,CAAC,WAAL,GAAmB,IAAnB;AACD,KAPD,MAOO;AACL;AACA,MAAA,WAAW;AACZ;AACF,GAbyB,CAA1B,EAnB+D,CAkC/D;AACA;AACA;;AACA,MAAI,CAAC,IAAI,CAAC,SAAV,EAAqB;AACnB;AACA;AACA,QAAI,IAAI,CAAC,WAAT,EAAsB;AACpB,MAAA,IAAI,CAAC,WAAL,CAAiB,IAAjB;AACA,aAAO,IAAI,CAAC,WAAZ;AACD;AACF;;AAED,EAAA,SAAS,CAAC,MAAK;AACb;AACA,IAAA,IAAI,CAAC,SAAL,GAAiB,IAAjB,CAFa,CAIb;AACA;;AACA,IAAA,WAAW,GANE,CAQb;;AACA,WAAO,MAAK;AAAA;;AACV,2BAAA,IAAI,CAAC,WAAL,wEAAkB,IAAlB;AACD,KAFD;AAGD,GAZQ,EAYN,EAZM,CAAT;AAcA,SAAO,IAAI,CAAC,WAAZ;AACD,CA7DD;;AA+DA,MAAM,kBAAkB,GAAG,CAAU,UAAV,EAAsC,IAAtC,KAAiE;AAC1F,MAAI,CAAC,IAAD,EAAO,OAAP,IAAkB,QAAQ,EAA9B;AAEA,QAAM;AAAE,IAAA,OAAO,EAAE;AAAX,MAAoB,MAAM,CAAC;AAAE,IAAA;AAAF,GAAD,CAAhC;AACA,EAAA,IAAI,CAAC,UAAL,GAAkB,UAAlB;AAEA,EAAA,OAAO,CAAC,MAAK;AACX;AACA;AACA,UAAM,IAAI,GAAG,OAAO,CAAC,WAAR,CACX,MAAM,OAAO,CAAC,OAAR,CAAiB,CAAD,IAA2B;AAC/C,UAAI,CAAC,CAAC,QAAN,EAAgB,IAAI,GAAG,IAAI,CAAC,UAAL,EAAP;AACjB,KAFK,CADK,CAAb,CAHW,CAQX;;AACA,IAAA,MAAM,CAAC,KAAP,CAAa,MAAK;AAAG,MAAA,IAAI,CAAC,IAAL;AAAa,KAAlC;;AACA,QAAI,MAAM,CAAC,aAAX,EAA0B;AACxB,MAAA,WAAW,CAAC,IAAD,CAAX;AACD;AACF,GAbM,EAaJ,IAbI,CAAP;AAeA,EAAA,SAAS,CAAC,MAAK;AACb,UAAM,WAAW,GAAI,OAAO,CAAC,WAAR,CACnB,MAAM,OAAO,CAAC,OAAR,CAAiB,CAAD,IAAM;AAC1B,MAAA,OAAO,CAAC,IAAI,CAAC,UAAL,CAAgB,CAAhB,CAAD,CAAP;AACD,KAFK,CADa,CAArB;AAKA,WAAO,MAAK;AACV,MAAA,WAAW,CAAC,IAAZ;AACD,KAFD;AAGD,GATQ,EASN,IATM,CAAT;AAWA,SAAO,IAAP;AACD,CAjCD;;AAmCA,MAAM,gBAAgB,GAAG,UAAU,UAAV;AAAA,MAAsC,IAAtC,uEAA6D,IAA7D;AAAA,SACtB,IAAI,KAAK,IAAT,IAAiB,IAAI,KAAK,SAA1B,IAAuC,CAAC,KAAK,CAAC,OAAN,CAAc,IAAd,CAAzC,GACI,gBAAgB,CAAC,UAAD,CADpB,GAEI,kBAAkB,CAAC,UAAD,EAAa,IAAb,CAHC;AAAA,CAAzB;;AAKA,MAAM,gBAAgB,GAAG,CAAU,UAAV,EAAsC,IAAtC,KACvB,OAAO,CAAC,WAAR,CAAoB,UAApB,CADF,C,CAGA;AACA;;;AACA,MAAM,UAAU,GAAG,MAAM,CAAC,QAAP,GACf,gBADe,GAEf,gBAFJ;;AAIA,MAAM,aAAa,GAAG,CAAU,UAAV,EAAsC,IAAtC,KAAiE;AACrF,MAAI,OAAO,UAAP,KAAsB,UAA1B,EAAsC;AACpC,IAAA,OAAO,CAAC,IAAR,CACE,6GACmC,OAAO,UAD1C,MADF;AAID;;AACD,MAAI,IAAI,IAAI,CAAC,KAAK,CAAC,OAAN,CAAc,IAAd,CAAb,EAAkC;AAChC,IAAA,OAAO,CAAC,IAAR,CACE,4GACmC,OAAO,IAD1C,MADF;AAID;;AACD,SAAO,UAAU,CAAC,UAAD,EAAa,IAAb,CAAjB;AACD,CAdD;;AAzJA,MAAA,CAAO,aAAP,CAyKe,MAAM,CAAC,aAAP,GACX,aADW,GAEX,UA3KJ","sourcesContent":["declare var Package: any\nimport { Meteor } from 'meteor/meteor';\nimport { Tracker } from 'meteor/tracker';\nimport { useReducer, useState, useEffect, useRef, useMemo, DependencyList } from 'react';\n\n// Warns if data is a Mongo.Cursor or a POJO containing a Mongo.Cursor.\nfunction checkCursor (data: any): void {\n  let shouldWarn = false;\n  if (Package.mongo && Package.mongo.Mongo && data && typeof data === 'object') {\n    if (data instanceof Package.mongo.Mongo.Cursor) {\n      shouldWarn = true;\n    } else if (Object.getPrototypeOf(data) === Object.prototype) {\n      Object.keys(data).forEach((key) => {\n        if (data[key] instanceof Package.mongo.Mongo.Cursor) {\n          shouldWarn = true;\n        }\n      });\n    }\n  }\n  if (shouldWarn) {\n    console.warn(\n      'Warning: your reactive function is returning a Mongo cursor. '\n      + 'This value will not be reactive. You probably want to call '\n      + '`.fetch()` on the cursor before returning it.'\n    );\n  }\n}\n\n// Used to create a forceUpdate from useReducer. Forces update by\n// incrementing a number whenever the dispatch method is invoked.\nconst fur = (x: number): number => x + 1;\nconst useForceUpdate = () => useReducer(fur, 0)[1];\n\ninterface IReactiveFn<T> {\n  <T>(c?: Tracker.Computation): T\n}\ntype TrackerRefs = {\n  computation?: Tracker.Computation;\n  isMounted: boolean;\n  trackerData: any;\n}\n\nconst useTrackerNoDeps = <T = any>(reactiveFn: IReactiveFn<T>) => {\n  const { current: refs } = useRef<TrackerRefs>({\n    isMounted: false,\n    trackerData: null\n  });\n  const forceUpdate = useForceUpdate();\n\n  // Without deps, always dispose and recreate the computation with every render.\n  if (refs.computation) {\n    refs.computation.stop();\n    // @ts-ignore This makes TS think ref.computation is \"never\" set\n    delete refs.computation;\n  }\n\n  // Use Tracker.nonreactive in case we are inside a Tracker Computation.\n  // This can happen if someone calls `ReactDOM.render` inside a Computation.\n  // In that case, we want to opt out of the normal behavior of nested\n  // Computations, where if the outer one is invalidated or stopped,\n  // it stops the inner one.\n  Tracker.nonreactive(() => Tracker.autorun((c: Tracker.Computation) => {\n    refs.computation = c;\n    if (c.firstRun) {\n      // Always run the reactiveFn on firstRun\n      const data = reactiveFn(c);\n      if (Meteor.isDevelopment) {\n        checkCursor(data);\n      }\n      refs.trackerData = data;\n    } else {\n      // For any reactive change, forceUpdate and let the next render rebuild the computation.\n      forceUpdate();\n    }\n  }));\n\n  // To avoid creating side effects in render with Tracker when not using deps\n  // create the computation, run the user's reactive function in a computation synchronously,\n  // then immediately dispose of it. It'll be recreated again after the render is committed.\n  if (!refs.isMounted) {\n    // We want to forceUpdate in useEffect to support StrictMode.\n    // See: https://github.com/meteor/react-packages/issues/278\n    if (refs.computation) {\n      refs.computation.stop();\n      delete refs.computation;\n    }\n  }\n\n  useEffect(() => {\n    // Let subsequent renders know we are mounted (render is comitted).\n    refs.isMounted = true;\n\n    // Render is committed. Since useTracker without deps always runs synchronously,\n    // forceUpdate and let the next render recreate the computation.\n    forceUpdate();\n\n    // stop the computation on unmount\n    return () =>{\n      refs.computation?.stop();\n    }\n  }, []);\n\n  return refs.trackerData;\n}\n\nconst useTrackerWithDeps = <T = any>(reactiveFn: IReactiveFn<T>, deps: DependencyList): T => {\n  let [data, setData] = useState<T>();\n\n  const { current: refs } = useRef({ reactiveFn });\n  refs.reactiveFn = reactiveFn;\n\n  useMemo(() => {\n    // To jive with the lifecycle interplay between Tracker/Subscribe, run the\n    // reactive function in a computation, then stop it, to force flush cycle.\n    const comp = Tracker.nonreactive(\n      () => Tracker.autorun((c: Tracker.Computation) => {\n        if (c.firstRun) data = refs.reactiveFn();\n      })\n    );\n    // To avoid creating side effects in render, stop the computation immediately\n    Meteor.defer(() => { comp.stop() });\n    if (Meteor.isDevelopment) {\n      checkCursor(data);\n    }\n  }, deps);\n\n  useEffect(() => {\n    const computation =  Tracker.nonreactive(\n      () => Tracker.autorun((c) => {\n        setData(refs.reactiveFn(c));\n      })\n    );\n    return () => {\n      computation.stop();\n    }\n  }, deps);\n\n  return data as T;\n}\n\nconst useTrackerClient = <T = any>(reactiveFn: IReactiveFn<T>, deps: DependencyList = null): T =>\n  (deps === null || deps === undefined || !Array.isArray(deps))\n    ? useTrackerNoDeps(reactiveFn)\n    : useTrackerWithDeps(reactiveFn, deps);\n\nconst useTrackerServer = <T = any>(reactiveFn: IReactiveFn<T>, deps: DependencyList): T =>\n  Tracker.nonreactive(reactiveFn) as T;\n\n// When rendering on the server, we don't want to use the Tracker.\n// We only do the first rendering on the server so we can get the data right away\nconst useTracker = Meteor.isServer\n  ? useTrackerServer\n  : useTrackerClient;\n\nconst useTrackerDev = <T = any>(reactiveFn: IReactiveFn<T>, deps: DependencyList): T => {\n  if (typeof reactiveFn !== 'function') {\n    console.warn(\n      'Warning: useTracker expected a function in it\\'s first argument '\n      + `(reactiveFn), but got type of ${typeof reactiveFn}.`\n    );\n  }\n  if (deps && !Array.isArray(deps)) {\n    console.warn(\n      'Warning: useTracker expected an array in it\\'s second argument '\n      + `(dependency), but got type of ${typeof deps}.`\n    );\n  }\n  return useTracker(reactiveFn, deps);\n}\n\nexport default Meteor.isDevelopment\n  ? useTrackerDev\n  : useTracker;\n"],"sourceRoot":""},"sourceType":"module","hash":"9cad8d562e29e1027b9fd42e80259b6e5b9e3d01"}
