{"metadata":{},"options":{"compact":false,"sourceMaps":true,"ast":true,"babelrc":false,"configFile":false,"parserOpts":{"sourceType":"module","sourceFileName":"/home/ney/meteor/cadastro/packages/react-meteor-data/withTracker.tsx","plugins":["*","flow","jsx","asyncGenerators","bigInt","classPrivateMethods","classPrivateProperties","classProperties","doExpressions","dynamicImport","exportDefaultFrom","exportExtensions","exportNamespaceFrom","functionBind","functionSent","importMeta","nullishCoalescingOperator","numericSeparator","objectRestSpread","optionalCatchBinding","optionalChaining",["pipelineOperator",{"proposal":"minimal"}],"throwExpressions","classProperties","classPrivateProperties","jsx","nullishCoalescingOperator","nullishCoalescingOperator","optionalChaining","optionalChaining","optionalCatchBinding","optionalCatchBinding","classProperties","classPrivateProperties","classPrivateMethods","classProperties","classPrivateProperties","asyncGenerators","asyncGenerators","objectRestSpread","objectRestSpread"],"allowImportExportEverywhere":true,"allowReturnOutsideFunction":true,"allowUndeclaredExports":true,"strictMode":false},"caller":{"name":"meteor","arch":"web.browser.legacy"},"sourceFileName":"packages/react-meteor-data/withTracker.tsx","filename":"/home/ney/meteor/cadastro/packages/react-meteor-data/withTracker.tsx","inputSourceMap":{"version":3,"file":"packages/react-meteor-data/withTracker.tsx","sourceRoot":"","sources":["packages/react-meteor-data/withTracker.tsx"],"names":[],"mappings":"AAAA,OAAO,KAAK,EAAE,EAAE,UAAU,EAAE,IAAI,EAAE,MAAM,OAAO,CAAC;AAChD,OAAO,UAAU,MAAM,cAAc,CAAC;AAQtC,MAAM,CAAC,OAAO,UAAU,WAAW,CAAC,OAAqC;IACvE,OAAO,CAAC,SAA8B,EAAE,EAAE;QACxC,MAAM,aAAa,GAAG,OAAO,OAAO,KAAK,UAAU;YACjD,CAAC,CAAC,OAAO;YACT,CAAC,CAAC,OAAO,CAAC,aAAa,CAAC;QAE1B,MAAM,WAAW,GAAG,UAAU,CAAC,CAAC,KAAK,EAAE,GAAG,EAAE,EAAE;YAC5C,MAAM,IAAI,GAAG,UAAU,CAAC,GAAG,EAAE,CAAC,aAAa,CAAC,KAAK,CAAC,IAAI,EAAE,CAAC,CAAC;YAC1D,OAAO,CACL,CAAC,SAAS,CAAC,GAAG,CAAC,CAAC,GAAG,CAAC,CAAC,IAAI,KAAK,CAAC,CAAC,IAAI,IAAI,CAAC,EAAG,CAC7C,CAAC;QACJ,CAAC,CAAC,CAAC;QAEH,aAAa;QACb,MAAM,EAAE,IAAI,GAAG,IAAI,EAAE,GAAG,OAAO,CAAC;QAChC,OAAO,IAAI,CAAC,CAAC,CAAC,IAAI,CAAC,WAAW,CAAC,CAAC,CAAC,CAAC,WAAW,CAAC;IAChD,CAAC,CAAA;AACH,CAAC;AAAA,CAAC","sourcesContent":["import React, { forwardRef, memo } from 'react';\nimport useTracker from './useTracker';\n\ntype ReactiveFn = (props: object) => any;\ntype ReactiveOptions = {\n  getMeteorData: ReactiveFn;\n  pure?: boolean;\n}\n\nexport default function withTracker(options: ReactiveFn | ReactiveOptions) {\n  return (Component: React.ComponentType) => {\n    const getMeteorData = typeof options === 'function'\n      ? options\n      : options.getMeteorData;\n\n    const WithTracker = forwardRef((props, ref) => {\n      const data = useTracker(() => getMeteorData(props) || {});\n      return (\n        <Component ref={ref} {...props} {...data} />\n      );\n    });\n\n    // @ts-ignore\n    const { pure = true } = options;\n    return pure ? memo(WithTracker) : WithTracker;\n  }\n};\n"]},"cloneInputAst":true,"passPerPreset":false,"envName":"development","cwd":"/home/ney/meteor/cadastro","root":"/home/ney/meteor/cadastro","plugins":[{"key":"base$0","visitor":{"_exploded":true,"_verified":true},"options":{}},{"key":"base$0$0","visitor":{"Program":{"enter":[null],"exit":[null]},"_exploded":true,"_verified":true},"options":{"avoidModernSyntax":true,"enforceStrictMode":false,"dynamicImport":true}},{"key":"transform-runtime","visitor":{"CallExpression":{"enter":[null]},"BinaryExpression":{"enter":[null]},"MemberExpression":{"enter":[null],"exit":[null]},"_exploded":true,"_verified":true,"Identifier":{"enter":[null]},"JSXIdentifier":{"enter":[null]}},"options":{"version":"7.12.5","helpers":true,"useESModules":false,"corejs":false}},{"key":"proposal-class-properties","visitor":{"PrivateName":{"enter":[null]},"ExportDefaultDeclaration":{"enter":[null]},"_exploded":true,"_verified":true,"ClassExpression":{"enter":[null]},"ClassDeclaration":{"enter":[null]}},"options":{"loose":true}},{"key":"base$0$3","visitor":{"FunctionExpression":{"exit":[null]},"_exploded":true,"_verified":true},"options":{}},{"key":"base$0$4","visitor":{"ForInStatement":{"enter":[null]},"_exploded":true,"_verified":true},"options":{}},{"key":"transform-react-jsx","visitor":{"_exploded":{},"_verified":{},"JSXNamespacedName":{"enter":[null]},"JSXSpreadChild":{"enter":[null]},"JSXElement":{"exit":[null]},"JSXFragment":{"exit":[null]},"Program":{"enter":[null],"exit":[null]},"JSXAttribute":{"enter":[null]}},"options":{"pragma":"React.createElement","pragmaFrag":"React.Fragment","runtime":"classic","throwIfNamespace":true,"useBuiltIns":false}},{"key":"transform-react-display-name","visitor":{"ExportDefaultDeclaration":{"enter":[null]},"CallExpression":{"enter":[null]},"_exploded":true,"_verified":true},"options":{}},{"key":"transform-react-pure-annotations","visitor":{"CallExpression":{"enter":[null]},"_exploded":true,"_verified":true},"options":{}},{"key":"syntax-nullish-coalescing-operator","visitor":{"_exploded":true,"_verified":true},"options":{}},{"key":"proposal-nullish-coalescing-operator","visitor":{"_exploded":{},"_verified":{},"LogicalExpression":{"enter":[null]}},"options":{}},{"key":"syntax-optional-chaining","visitor":{"_exploded":true,"_verified":true},"options":{}},{"key":"proposal-optional-chaining","visitor":{"_exploded":{},"_verified":{},"OptionalCallExpression":{"enter":[null]},"OptionalMemberExpression":{"enter":[null]}},"options":{}},{"key":"syntax-optional-catch-binding","visitor":{"_exploded":true,"_verified":true},"options":{}},{"key":"proposal-optional-catch-binding","visitor":{"_exploded":{},"_verified":{},"CatchClause":{"enter":[null]}},"options":{}},{"key":"syntax-class-properties","visitor":{"_exploded":true,"_verified":true},"options":{}},{"key":"proposal-class-properties","visitor":{"PrivateName":{"enter":[null]},"ExportDefaultDeclaration":{"enter":[null]},"_exploded":true,"_verified":true,"ClassExpression":{"enter":[null]},"ClassDeclaration":{"enter":[null]}},"options":{}},{"key":"syntax-async-generators","visitor":{"_exploded":true,"_verified":true},"options":{}},{"key":"proposal-async-generator-functions","visitor":{"_exploded":{},"_verified":{},"Program":{"enter":[null]}},"options":{}},{"key":"syntax-object-rest-spread","visitor":{"_exploded":true,"_verified":true},"options":{}},{"key":"proposal-object-rest-spread","visitor":{"_exploded":{},"_verified":{},"VariableDeclarator":{"enter":[null]},"ExportNamedDeclaration":{"enter":[null]},"CatchClause":{"enter":[null]},"AssignmentExpression":{"enter":[null]},"ArrayPattern":{"enter":[null]},"ObjectExpression":{"enter":[null]},"FunctionDeclaration":{"enter":[null]},"FunctionExpression":{"enter":[null]},"ObjectMethod":{"enter":[null]},"ArrowFunctionExpression":{"enter":[null]},"ClassMethod":{"enter":[null]},"ClassPrivateMethod":{"enter":[null]},"ForInStatement":{"enter":[null]},"ForOfStatement":{"enter":[null]}},"options":{}},{"key":"transform-arrow-functions","visitor":{"ArrowFunctionExpression":{"enter":[null]},"_exploded":true,"_verified":true},"options":{}},{"key":"transform-block-scoped-functions","visitor":{"BlockStatement":{"enter":[null]},"SwitchCase":{"enter":[null]},"_exploded":true,"_verified":true},"options":{}},{"key":"transform-block-scoping","visitor":{"VariableDeclaration":{"enter":[null]},"CatchClause":{"enter":[null]},"_exploded":true,"BlockStatement":{"enter":[null]},"SwitchStatement":{"enter":[null]},"Program":{"enter":[null]},"_verified":true,"DoWhileStatement":{"enter":[null]},"ForInStatement":{"enter":[null]},"ForStatement":{"enter":[null]},"WhileStatement":{"enter":[null]},"ForOfStatement":{"enter":[null]}},"options":{}},{"key":"transform-classes","visitor":{"ExportDefaultDeclaration":{"enter":[null]},"ClassDeclaration":{"enter":[null]},"ClassExpression":{"enter":[null]},"_exploded":true,"_verified":true},"options":{"loose":true}},{"key":"transform-computed-properties","visitor":{"ObjectExpression":{"exit":[null]},"_exploded":true,"_verified":true},"options":{"loose":true}},{"key":"transform-destructuring","visitor":{"ExportNamedDeclaration":{"enter":[null]},"CatchClause":{"enter":[null]},"AssignmentExpression":{"enter":[null]},"VariableDeclaration":{"enter":[null]},"_exploded":true,"_verified":true,"ForInStatement":{"enter":[null]},"ForOfStatement":{"enter":[null]}},"options":{}},{"key":"transform-for-of","visitor":{"ForOfStatement":{"enter":[null]},"_exploded":true,"_verified":true},"options":{"loose":true}},{"key":"transform-literals","visitor":{"NumericLiteral":{"enter":[null]},"StringLiteral":{"enter":[null]},"_exploded":true,"_verified":true},"options":{}},{"key":"transform-object-super","visitor":{"ObjectExpression":{"enter":[null]},"_exploded":true,"_verified":true},"options":{}},{"key":"transform-parameters","visitor":{"_exploded":true,"_verified":true,"FunctionDeclaration":{"enter":[null]},"FunctionExpression":{"enter":[null]},"ObjectMethod":{"enter":[null]},"ArrowFunctionExpression":{"enter":[null]},"ClassMethod":{"enter":[null]},"ClassPrivateMethod":{"enter":[null]}},"options":{}},{"key":"transform-shorthand-properties","visitor":{"ObjectMethod":{"enter":[null]},"ObjectProperty":{"enter":[null]},"_exploded":true,"_verified":true},"options":{}},{"key":"transform-spread","visitor":{"ArrayExpression":{"enter":[null]},"CallExpression":{"enter":[null]},"NewExpression":{"enter":[null]},"_exploded":true,"_verified":true},"options":{}},{"key":"transform-sticky-regex","visitor":{"RegExpLiteral":{"enter":[null]},"_exploded":true,"_verified":true},"options":{}},{"key":"transform-template-literals","visitor":{"TaggedTemplateExpression":{"enter":[null]},"TemplateLiteral":{"enter":[null]},"_exploded":true,"_verified":true},"options":{"loose":true}},{"key":"transform-typeof-symbol","visitor":{"UnaryExpression":{"enter":[null]},"_exploded":true,"_verified":true,"BlockStatement":{"enter":[null]},"CatchClause":{"enter":[null]},"DoWhileStatement":{"enter":[null]},"ForInStatement":{"enter":[null]},"ForStatement":{"enter":[null]},"FunctionDeclaration":{"enter":[null]},"FunctionExpression":{"enter":[null]},"Program":{"enter":[null]},"ObjectMethod":{"enter":[null]},"SwitchStatement":{"enter":[null]},"WhileStatement":{"enter":[null]},"ArrowFunctionExpression":{"enter":[null]},"ClassExpression":{"enter":[null]},"ClassDeclaration":{"enter":[null]},"ForOfStatement":{"enter":[null]},"ClassMethod":{"enter":[null]},"ClassPrivateMethod":{"enter":[null]},"StaticBlock":{"enter":[null]},"TSModuleBlock":{"enter":[null]},"AssignmentPattern":{"enter":[null]},"ArrayPattern":{"enter":[null]},"ObjectPattern":{"enter":[null]}},"options":{}},{"key":"transform-unicode-regex","visitor":{"RegExpLiteral":{"enter":[null]},"_exploded":true,"_verified":true},"options":{}},{"key":"transform-property-literals","visitor":{"ObjectProperty":{"exit":[null]},"_exploded":true,"_verified":true},"options":{}},{"key":"transform-exponentiation-operator","visitor":{"AssignmentExpression":{"enter":[null]},"BinaryExpression":{"enter":[null]},"_exploded":true,"_verified":true},"options":{}},{"key":"regenerator-transform","visitor":{"_exploded":true,"_verified":true,"ObjectMethod":{"enter":[null],"exit":[null]},"ClassMethod":{"enter":[null],"exit":[null]},"ClassPrivateMethod":{"enter":[null],"exit":[null]},"FunctionDeclaration":{"exit":[null]},"FunctionExpression":{"exit":[null]},"ArrowFunctionExpression":{"exit":[null]}},"options":{}}],"presets":[],"generatorOpts":{"filename":"/home/ney/meteor/cadastro/packages/react-meteor-data/withTracker.tsx","comments":true,"compact":false,"sourceMaps":true,"sourceFileName":"packages/react-meteor-data/withTracker.tsx"}},"code":"var _extends;\n\nmodule.link(\"@babel/runtime/helpers/extends\", {\n  default: function (v) {\n    _extends = v;\n  }\n}, 0);\nmodule.export({\n  \"default\": function () {\n    return withTracker;\n  }\n});\nvar React, forwardRef, memo;\nmodule.link(\"react\", {\n  \"default\": function (v) {\n    React = v;\n  },\n  forwardRef: function (v) {\n    forwardRef = v;\n  },\n  memo: function (v) {\n    memo = v;\n  }\n}, 0);\nvar useTracker;\nmodule.link(\"./useTracker\", {\n  \"default\": function (v) {\n    useTracker = v;\n  }\n}, 1);\n\nfunction withTracker(options) {\n  return function (Component) {\n    var getMeteorData = typeof options === 'function' ? options : options.getMeteorData;\n    var WithTracker = /*#__PURE__*/forwardRef(function (props, ref) {\n      var data = useTracker(function () {\n        return getMeteorData(props) || {};\n      });\n      return /*#__PURE__*/React.createElement(Component, _extends({\n        ref: ref\n      }, props, data));\n    }); // @ts-ignore\n\n    var _options$pure = options.pure,\n        pure = _options$pure === void 0 ? true : _options$pure;\n    return pure ? /*#__PURE__*/memo(WithTracker) : WithTracker;\n  };\n}\n\n;","map":{"version":3,"sources":["packages/react-meteor-data/withTracker.tsx"],"names":[],"mappings":"AAAA,IAAA,QAAA;;AAAY,MAAI,CAAA,IAAJ,CAAI,gCAAJ,EAAoC;AAAA,EAAA,OAAA,EAAA,UAAA,CAAA,EAAA;AAAA,IAAA,QAAA,GAAA,CAAA;AAAA;AAAA,CAApC,EAAoC,CAApC;AAAZ,MAAA,CAAO,MAAP,CAAc;AAAA,aAAE,YAAgB;AAAE,WAAM,WAAN;AAAc;AAAlC,CAAd;AAAgD,IAAA,KAAA,EAAA,UAAA,EAAA,IAAA;AAAA,MAAA,CAAA,IAAA,CAAA,OAAA,EAAA;AAAA,aAAA,UAAA,CAAA,EAAA;AAAA,IAAA,KAAA,GAAA,CAAA;AAAA,GAAA;AAAA,EAAA,UAAA,EAAA,UAAA,CAAA,EAAA;AAAA,IAAA,UAAA,GAAA,CAAA;AAAA,GAAA;AAAA,EAAA,IAAA,EAAA,UAAA,CAAA,EAAA;AAAA,IAAA,IAAA,GAAA,CAAA;AAAA;AAAA,CAAA,EAAA,CAAA;AAAA,IAAA,UAAA;AAAA,MAAA,CAAA,IAAA,CAAA,cAAA,EAAA;AAAA,aAAA,UAAA,CAAA,EAAA;AAAA,IAAA,UAAA,GAAA,CAAA;AAAA;AAAA,CAAA,EAAA,CAAA;;AASlC,SAAU,WAAV,CAAsB,OAAtB,EAA2D;AACvE,SAAO,UAAC,SAAD,EAAmC;AACxC,QAAM,aAAa,GAAG,OAAO,OAAP,KAAmB,UAAnB,GAClB,OADkB,GAElB,OAAO,CAAC,aAFZ;AAIA,QAAM,WAAW,gBAAG,UAAU,CAAC,UAAC,KAAD,EAAQ,GAAR,EAAe;AAC5C,UAAM,IAAI,GAAG,UAAU,CAAC;AAAA,eAAM,aAAa,CAAC,KAAD,CAAb,IAAwB,EAA9B;AAAA,OAAD,CAAvB;AACA,0BACE,oBAAC,SAAD;AAAW,QAAA,GAAG,EAAE;AAAhB,SAAyB,KAAzB,EAAoC,IAApC,EADF;AAGD,KAL6B,CAA9B,CALwC,CAYxC;;AAZwC,wBAahB,OAbgB,CAahC,IAbgC;AAAA,QAahC,IAbgC,8BAazB,IAbyB;AAcxC,WAAO,IAAI,gBAAG,IAAI,CAAC,WAAD,CAAP,GAAuB,WAAlC;AACD,GAfD;AAgBD;;AAAA","sourcesContent":["import React, { forwardRef, memo } from 'react';\nimport useTracker from './useTracker';\n\ntype ReactiveFn = (props: object) => any;\ntype ReactiveOptions = {\n  getMeteorData: ReactiveFn;\n  pure?: boolean;\n}\n\nexport default function withTracker(options: ReactiveFn | ReactiveOptions) {\n  return (Component: React.ComponentType) => {\n    const getMeteorData = typeof options === 'function'\n      ? options\n      : options.getMeteorData;\n\n    const WithTracker = forwardRef((props, ref) => {\n      const data = useTracker(() => getMeteorData(props) || {});\n      return (\n        <Component ref={ref} {...props} {...data} />\n      );\n    });\n\n    // @ts-ignore\n    const { pure = true } = options;\n    return pure ? memo(WithTracker) : WithTracker;\n  }\n};\n"],"sourceRoot":""},"sourceType":"module","hash":"c248d31839ead91a2b238101d1434bc28c129b80"}
